股票代码,行业代码
1,801780
2,801180
4,801150
5,801160
6,801180
7,801230
8,801890
9,801230
10,801720
11,801180
12,801710
14,801180
16,801110
17,801880
18,801720
19,801120
20,801080
21,801750
22,801170
23,801710
25,801880
26,801140
27,801160
28,801150
29,801180
30,801880
31,801180
32,801770
34,801750
35,801160
36,801180
37,801160
38,801760
39,801890
40,801160
42,801180
43,801180
45,801080
46,801180
48,801010
49,801080
50,801080
55,801720
56,801180
58,801200
59,801030
60,801050
61,801200
62,801080
63,801770
65,801720
66,801750
68,801160
69,801180
70,801770
78,801150
88,801170
89,801170
90,801180
96,801030
99,801170
100,801110
150,801150
151,801200
153,801150
155,801200
156,801760
157,801890
158,801750
159,801030
166,801790
301,801160
333,801110
338,801880
400,801730
401,801710
402,801180
403,801150
404,801110
407,801160
408,801030
409,801230
410,801890
411,801150
413,801080
415,801790
416,801790
417,801200
418,801110
419,801200
420,801030
421,801160
422,801030
423,801150
425,801890
426,801050
428,801210
429,801170
430,801210
488,801140
498,801720
501,801200
502,801180
503,801150
504,801760
505,801010
506,801180
507,801170
509,801710
510,801030
513,801150
514,801180
516,801200
517,801180
518,801150
519,801740
520,801170
521,801110
523,801030
524,801210
525,801030
526,801760
528,801890
529,801230
530,801890
531,801160
532,801080
533,801110
534,801180
536,801080
537,801180
538,801150
539,801160
540,801180
541,801080
543,801160
544,801160
545,801030
546,801710
547,801740
548,801170
550,801880
551,801890
552,801020
553,801030
554,801030
555,801750
557,801170
558,801180
559,801880
560,801200
561,801770
563,801790
564,801200
565,801030
566,801150
567,801790
568,801120
570,801890
571,801020
572,801880
573,801180
576,801010
581,801880
582,801170
584,801890
585,801730
586,801770
587,801140
589,801030
590,801150
591,801730
592,801010
593,801160
595,801890
596,801120
597,801150
598,801160
599,801030
600,801160
601,801160
603,801050
605,801160
606,801750
607,801760
608,801180
609,801180
610,801210
611,801130
612,801050
613,801210
615,801180
616,801180
617,801790
619,801710
620,801180
622,801880
623,801150
625,801880
626,801200
627,801790
628,801720
630,801050
631,801180
632,801230
633,801050
635,801030
636,801080
637,801030
638,801230
639,801010
650,801150
651,801110
652,801230
655,801020
656,801180
657,801050
659,801140
661,801150
662,801750
663,801140
665,801760
666,801790
667,801180
668,801180
669,801160
670,801080
671,801180
672,801710
673,801760
676,801760
677,801030
678,801880
679,801180
680,801890
681,801760
682,801730
683,801030
685,801160
686,801790
687,801770
688,801050
690,801160
691,801180
692,801160
693,801050
695,801160
697,801050
698,801030
700,801880
701,801080
702,801010
703,801030
705,801150
707,801030
708,801040
709,801040
710,801150
711,801160
712,801790
713,801010
715,801200
716,801120
717,801040
718,801180
719,801760
720,801160
721,801210
722,801160
723,801020
725,801080
726,801130
727,801080
728,801790
729,801120
731,801030
732,801180
733,801080
735,801010
736,801180
737,801030
738,801740
739,801150
750,801790
751,801050
752,801120
753,801880
755,801030
756,801150
757,801880
758,801050
759,801200
760,801880
761,801040
762,801020
766,801150
767,801160
768,801740
776,801790
777,801890
778,801040
779,801130
780,801020
782,801030
783,801790
785,801200
786,801710
788,801150
789,801710
790,801150
791,801160
792,801030
793,801760
795,801050
796,801210
797,801180
798,801010
799,801120
800,801880
801,801110
802,801760
803,801180
806,801730
807,801050
809,801180
810,801110
811,801890
812,801140
813,801150
815,801140
816,801890
818,801030
819,801030
820,801160
821,801890
822,801030
823,801080
825,801040
826,801160
828,801170
829,801200
830,801030
831,801050
833,801230
835,801760
836,801770
837,801890
838,801180
839,801230
848,801120
850,801130
851,801770
852,801890
856,801890
858,801120
859,801030
860,801120
861,801200
862,801160
863,801210
868,801880
869,801120
875,801160
876,801010
877,801710
878,801050
880,801890
881,801230
882,801200
883,801160
885,801710
886,801170
887,801880
888,801210
889,801770
890,801890
892,801760
893,801010
895,801120
897,801180
898,801040
899,801160
900,801170
901,801890
902,801030
903,801880
905,801170
906,801200
908,801150
909,801180
910,801140
911,801010
912,801030
913,801880
915,801150
917,801760
918,801180
919,801150
920,801160
921,801110
922,801730
923,801890
925,801890
926,801180
927,801880
928,801720
929,801120
930,801010
931,801230
932,801040
933,801050
935,801710
936,801030
937,801020
938,801750
939,801160
948,801750
949,801030
951,801880
952,801150
953,801030
955,801130
957,801880
958,801160
959,801040
960,801050
961,801180
962,801050
963,801150
965,801180
966,801160
967,801160
968,801020
969,801050
970,801050
971,801770
972,801010
973,801030
975,801050
976,801890
977,801750
978,801210
979,801180
980,801880
981,801180
982,801130
983,801020
985,801030
987,801790
988,801080
989,801150
990,801030
991,801080
993,801160
995,801120
996,801880
997,801750
998,801010
999,801150
1696,801880
1896,801160
1965,801170
1979,801180
2001,801150
2002,801030
2003,801130
2004,801030
2005,801080
2006,801890
2007,801150
2008,801080
2009,801890
2010,801170
2011,801110
2012,801140
2013,801740
2014,801140
2015,801030
2016,801180
2017,801770
2018,801230
2019,801150
2020,801150
2021,801890
2022,801150
2023,801740
2024,801200
2025,801080
2026,801890
2027,801760
2028,801730
2029,801130
2030,801150
2031,801890
2032,801110
2033,801210
2034,801130
2035,801110
2036,801080
2037,801030
2038,801150
2039,801160
2040,801170
2041,801010
2042,801130
2043,801710
2044,801150
2045,801080
2046,801890
2047,801720
2048,801880
2049,801080
2050,801110
2051,801720
2052,801110
2053,801030
2054,801030
2055,801080
2056,801080
2057,801050
2058,801730
2059,801210
2060,801720
2061,801720
2062,801720
2063,801750
2064,801030
2065,801750
2066,801710
2067,801140
2068,801030
2069,801010
2071,801760
2072,801750
2073,801890
2074,801730
2075,801040
2076,801080
2077,801080
2078,801140
2079,801080
2080,801030
2081,801720
2082,801710
2083,801130
2084,801140
2085,801880
2086,801010
2087,801130
2088,801710
2089,801770
2090,801730
2091,801200
2092,801030
2093,801770
2094,801030
2095,801760
2096,801030
2097,801890
2098,801130
2099,801150
2100,801010
2101,801880
2102,801150
2103,801760
2104,801770
2105,801880
2106,801080
2107,801150
2108,801030
2109,801030
2110,801040
2111,801890
2112,801730
2113,801760
2114,801050
2115,801770
2116,801720
2117,801140
2118,801150
2119,801080
2120,801170
2121,801730
2122,801890
2123,801760
2124,801010
2125,801030
2126,801880
2127,801200
2128,801020
2129,801730
2130,801050
2131,801760
2132,801890
2133,801180
2134,801080
2135,801720
2136,801030
2137,801760
2138,801080
2139,801080
2140,801720
2141,801080
2142,801780
2143,801760
2144,801130
2145,801030
2146,801180
2147,801180
2148,801760
2149,801050
2150,801890
2151,801740
2152,801750
2153,801750
2154,801130
2155,801050
2156,801080
2157,801010
2158,801890
2159,801210
2160,801050
2161,801080
2162,801710
2163,801710
2164,801890
2165,801030
2166,801150
2167,801050
2168,801730
2169,801730
2170,801030
2171,801050
2172,801030
2173,801150
2174,801760
2175,801760
2176,801730
2177,801750
2178,801720
2179,801080
2180,801080
2181,801760
2182,801050
2183,801170
2184,801730
2185,801080
2186,801210
2187,801200
2188,801760
2189,801080
2190,801740
2191,801140
2192,801890
2193,801130
2194,801770
2195,801750
2196,801730
2197,801750
2198,801150
2199,801080
2200,801720
2201,801030
2202,801730
2203,801050
2204,801890
2205,801710
2206,801030
2207,801020
2208,801180
2209,801890
2210,801170
2211,801030
2212,801730
2213,801880
2214,801080
2215,801030
2216,801120
2217,801080
2218,801730
2219,801150
2220,801010
2221,801030
2222,801080
2223,801150
2224,801030
2225,801710
2226,801030
2227,801730
2228,801140
2229,801140
2230,801750
2231,801770
2232,801750
2233,801710
2234,801010
2235,801140
2236,801080
2237,801050
2238,801760
2239,801880
2240,801140
2241,801080
2242,801110
2243,801140
2244,801180
2245,801170
2246,801030
2247,801760
2248,801890
2249,801730
2250,801030
2251,801200
2252,801150
2253,801750
2254,801030
2255,801730
2256,801030
2257,801080
2258,801030
2259,801160
2260,801110
2261,801760
2262,801150
2263,801030
2264,801200
2265,801880
2266,801730
2267,801160
2268,801750
2269,801130
2270,801730
2271,801710
2272,801890
2273,801080
2274,801030
2275,801150
2276,801730
2277,801200
2278,801890
2279,801750
2280,801750
2281,801770
2282,801890
2283,801880
2284,801880
2285,801180
2286,801010
2287,801150
2288,801080
2289,801080
2290,801110
2291,801130
2292,801760
2293,801130
2294,801150
2295,801050
2296,801750
2297,801740
2298,801730
2299,801010
2300,801730
2301,801140
2302,801710
2303,801140
2304,801120
2305,801180
2306,801210
2307,801720
2308,801750
2309,801730
2310,801720
2311,801010
2312,801750
2313,801770
2314,801180
2315,801760
2316,801770
2317,801150
2318,801040
2319,801030
2320,801170
2321,801010
2322,801730
2323,801710
2324,801030
2325,801720
2326,801030
2327,801130
2328,801880
2329,801120
2330,801120
2331,801750
2332,801150
2333,801710
2334,801730
2335,801730
2336,801200
2337,801890
2338,801890
2339,801730
2340,801050
2341,801160
2342,801890
2343,801760
2344,801200
2345,801140
2346,801710
2347,801890
2348,801140
2349,801150
2350,801730
2351,801080
2352,801170
2353,801890
2354,801760
2355,801880
2356,801140
2357,801170
2358,801730
2359,801770
2360,801030
2361,801030
2362,801750
2363,801880
2364,801730
2365,801150
2366,801890
2367,801890
2368,801750
2369,801080
2370,801150
2371,801080
2372,801710
2373,801750
2374,801720
2375,801720
2376,801750
2377,801210
2378,801050
2379,801050
2380,801750
2381,801030
2382,801030
2383,801750
2384,801080
2385,801010
2386,801030
2387,801750
2388,801080
2389,801080
2390,801150
2391,801030
2392,801710
2393,801150
2394,801130
2395,801030
2396,801770
2397,801130
2398,801710
2399,801150
2400,801760
2401,801750
2402,801080
2403,801110
2404,801130
2405,801750
2406,801880
2407,801030
2408,801030
2409,801030
2410,801750
2411,801150
2412,801150
2413,801740
2414,801080
2415,801080
2416,801200
2417,801770
2418,801110
2419,801200
2420,801110
2421,801750
2422,801150
2423,801890
2424,801150
2425,801760
2426,801890
2427,801030
2428,801050
2429,801110
2430,801890
2431,801720
2432,801150
2433,801150
2434,801880
2435,801150
2436,801080
2437,801150
2438,801890
2439,801750
2440,801030
2441,801730
2442,801030
2443,801040
2444,801890
2445,801760
2446,801770
2447,801760
2448,801880
2449,801080
2450,801030
2451,801730
2452,801730
2453,801030
2454,801880
2455,801030
2456,801080
2457,801710
2458,801010
2459,801890
2460,801050
2461,801120
2462,801150
2463,801080
2464,801760
2465,801770
2466,801050
2467,801770
2468,801170
2469,801720
2470,801030
2471,801730
2472,801880
2473,801110
2474,801750
2475,801080
2476,801030
2477,801010
2478,801040
2479,801160
2480,801890
2481,801120
2482,801720
2483,801890
2484,801080
2485,801130
2486,801130
2487,801890
2488,801880
2489,801140
2490,801890
2491,801770
2492,801170
2493,801030
2494,801130
2495,801120
2496,801030
2497,801030
2498,801730
2499,801890
2500,801790
2501,801050
2502,801760
2503,801130
2504,801720
2505,801010
2506,801730
2507,801120
2508,801110
2509,801890
2510,801880
2511,801140
2512,801750
2513,801030
2514,801890
2515,801120
2516,801130
2517,801760
2518,801730
2519,801110
2520,801890
2521,801140
2522,801140
2523,801890
2524,801160
2525,801120
2526,801890
2527,801730
2528,801750
2529,801890
2530,801750
2531,801730
2532,801890
2533,801730
2534,801730
2535,801890
2536,801880
2537,801890
2538,801030
2539,801030
2540,801050
2541,801720
2542,801720
2543,801110
2544,801770
2545,801720
2546,801730
2547,801080
2548,801010
2549,801030
2550,801150
2551,801150
2552,801890
2553,801880
2554,801020
2555,801760
2556,801030
2557,801120
2558,801760
2559,801890
2560,801730
2561,801200
2562,801030
2563,801130
2564,801890
2565,801140
2566,801150
2567,801010
2568,801120
2569,801130
2570,801120
2571,801140
2572,801140
2573,801160
2574,801140
2575,801140
2576,801730
2577,801750
2578,801050
2579,801080
2580,801730
2581,801150
2582,801120
2583,801770
2584,801030
2585,801140
2586,801720
2587,801080
2588,801030
2589,801150
2590,801880
2591,801760
2592,801880
2593,801880
2594,801880
2595,801890
2596,801710
2597,801030
2598,801890
2599,801140
2600,801080
2601,801030
2602,801760
2603,801150
2604,801010
2605,801140
2606,801730
2607,801880
2608,801160
2609,801750
2610,801730
2611,801880
2612,801130
2613,801890
2614,801110
2615,801140
2616,801110
2617,801730
2618,801080
2619,801760
2620,801720
2621,801890
2622,801730
2623,801710
2624,801760
2625,801880
2626,801150
2627,801170
2628,801720
2629,801020
2630,801730
2631,801140
2632,801030
2633,801890
2634,801130
2635,801080
2636,801080
2637,801030
2638,801760
2639,801890
2640,801200
2641,801710
2642,801750
2643,801030
2644,801150
2645,801890
2646,801120
2647,801790
2648,801030
2649,801750
2650,801120
2651,801890
2652,801710
2653,801150
2654,801760
2655,801080
2656,801130
2657,801750
2658,801160
2659,801760
2660,801080
2661,801120
2662,801880
2663,801720
2664,801880
2665,801730
2666,801030
2667,801890
2668,801110
2669,801030
2670,801790
2671,801710
2672,801160
2673,801790
2674,801130
2675,801150
2676,801110
2677,801110
2678,801140
2679,801010
2680,801150
2681,801110
2682,801170
2683,801030
2684,801880
2685,801890
2686,801890
2687,801130
2688,801010
2689,801890
2690,801890
2691,801890
2692,801730
2693,801150
2694,801710
2695,801120
2696,801010
2697,801200
2698,801890
2699,801760
2700,801160
2701,801140
2702,801120
2703,801880
2705,801110
2706,801730
2707,801210
2708,801880
2709,801030
2710,801150
2711,801170
2712,801760
2713,801720
2714,801010
2715,801880
2716,801050
2717,801720
2718,801710
2719,801120
2720,801130
2721,801140
2722,801890
2723,801110
2724,801080
2725,801880
2726,801120
2727,801150
2728,801150
2729,801080
2730,801890
2731,801140
2732,801120
2733,801730
2734,801030
2735,801140
2736,801790
2737,801150
2738,801020
2739,801760
2740,801140
2741,801030
2742,801710
2743,801720
2745,801080
2746,801010
2747,801890
2748,801030
2749,801030
2750,801150
2751,801140
2752,801140
2753,801030
2755,801720
2756,801040
2757,801890
2758,801150
2759,801110
2760,801890
2761,801130
2762,801130
2763,801130
2765,801880
2766,801750
2767,801730
2768,801030
2769,801170
2770,801120
2771,801750
2772,801010
2773,801150
2774,801890
2775,801720
2776,801130
2777,801750
2778,801030
2779,801890
2780,801130
2781,801720
2782,801080
2783,801030
2785,801710
2786,801890
2787,801140
2788,801150
2789,801720
2790,801140
2791,801710
2792,801770
2793,801890
2795,801710
2796,801890
2797,801790
2798,801140
2799,801140
2800,801170
2801,801730
2802,801030
2803,801140
2805,801030
2806,801050
2807,801780
2808,801080
2809,801030
2810,801030
2811,801720
2812,801140
2813,801770
2815,801080
2816,801890
2817,801150
2818,801200
2819,801890
2820,801120
2821,801150
2822,801720
2823,801730
2824,801050
2825,801030
2826,801150
2827,801030
2828,801020
2829,801740
2830,801720
2831,801140
2832,801130
2833,801890
2835,801750
2836,801140
2837,801890
2838,801030
2839,801780
2840,801120
2841,801080
2842,801050
2843,801890
2845,801080
2846,801140
2847,801120
2848,801110
2849,801890
2850,801080
2851,801730
2852,801010
2853,801140
2855,801080
2856,801720
2857,801890
2858,801760
2859,801080
2860,801110
2861,801080
2862,801140
2863,801880
2864,801150
2865,801880
2866,801080
2867,801140
2868,801010
2869,801750
2870,801890
2871,801890
2872,801150
2873,801150
2875,801130
2876,801080
2877,801890
2878,801760
2879,801730
2880,801150
2881,801080
2882,801730
2883,801720
2884,801890
2885,801080
2886,801030
2887,801720
2888,801080
2889,801170
2890,801890
2891,801010
2892,801730
2893,801160
2895,801030
2896,801890
2897,801770
2898,801150
2899,801140
2900,801150
2901,801150
2902,801080
2903,801890
2905,801760
2906,801880
2907,801150
2908,801770
2909,801030
2910,801120
2911,801160
2912,801750
2913,801080
2915,801030
2916,801080
2917,801030
2918,801710
2919,801030
2920,801750
2921,801880
2922,801080
2923,801150
2925,801080
2926,801790
2927,801730
2928,801170
2929,801770
2930,801170
2931,801880
2932,801150
2933,801740
300001,801730
300002,801750
300003,801150
300004,801890
300005,801130
300006,801150
300007,801890
300008,801740
300009,801150
300010,801750
300011,801730
300012,801230
300013,801170
300014,801080
300015,801150
300016,801150
300017,801770
300018,801730
300019,801030
300020,801750
300021,801010
300022,801200
300023,801790
300024,801890
300025,801770
300026,801150
300027,801760
300028,801770
300029,801730
300030,801150
300031,801760
300032,801080
300033,801750
300034,801740
300035,801890
300036,801750
300037,801030
300038,801760
300039,801150
300040,801730
300041,801030
300042,801750
300043,801760
300044,801750
300045,801750
300046,801080
300047,801750
300048,801730
300049,801150
300050,801770
300051,801760
300052,801760
300053,801080
300054,801030
300055,801160
300056,801160
300057,801140
300058,801760
300059,801760
300060,801080
300061,801760
300062,801730
300063,801760
300064,801890
300065,801750
300066,801890
300067,801030
300068,801730
300069,801730
300070,801160
300071,801760
300072,801160
300073,801030
300074,801750
300075,801750
300076,801080
300077,801080
300078,801080
300079,801750
300080,801890
300081,801770
300082,801030
300083,801080
300084,801890
300085,801750
300086,801150
300087,801010
300088,801080
300089,801140
300090,801160
300091,801890
300092,801890
300093,801710
300094,801010
300095,801890
300096,801750
300097,801890
300098,801770
300099,801890
300100,801880
300101,801740
300102,801080
300103,801890
300104,801760
300105,801730
300106,801010
300107,801030
300108,801150
300109,801030
300110,801150
300111,801730
300112,801890
300113,801760
300114,801890
300115,801080
300116,801730
300117,801710
300118,801730
300119,801010
300120,801730
300121,801030
300122,801150
300123,801740
300124,801730
300125,801160
300126,801890
300127,801050
300128,801080
300129,801730
300130,801750
300131,801080
300132,801030
300133,801760
300134,801770
300135,801030
300136,801080
300137,801160
300138,801010
300139,801080
300140,801160
300141,801730
300142,801150
300143,801150
300144,801210
300145,801890
300146,801120
300147,801150
300148,801760
300149,801010
300150,801750
300151,801890
300152,801160
300153,801730
300154,801890
300155,801750
300156,801160
300157,801020
300158,801150
300159,801740
300160,801110
300161,801890
300162,801080
300163,801030
300164,801020
300165,801890
300166,801750
300167,801750
300168,801750
300169,801030
300170,801750
300171,801150
300172,801160
300173,801890
300174,801030
300175,801010
300176,801790
300177,801750
300178,801210
300179,801890
300180,801030
300181,801150
300182,801750
300183,801770
300184,801080
300185,801730
300187,801160
300188,801750
300189,801010
300190,801160
300191,801020
300192,801030
300193,801890
300194,801150
300195,801890
300196,801030
300197,801720
300198,801710
300199,801150
300200,801030
300201,801890
300202,801750
300203,801160
300204,801150
300205,801770
300206,801150
300207,801080
300208,801730
300209,801750
300210,801890
300211,801770
300212,801750
300213,801770
300214,801030
300215,801730
300216,801150
300217,801110
300218,801030
300219,801080
300220,801080
300221,801030
300222,801890
300223,801080
300224,801050
300225,801030
300226,801760
300227,801080
300228,801890
300229,801750
300230,801030
300231,801750
300232,801080
300233,801150
300234,801710
300235,801750
300236,801030
300237,801720
300238,801150
300239,801150
300240,801170
300241,801080
300242,801760
300243,801030
300244,801150
300245,801750
300246,801150
300247,801110
300248,801750
300249,801110
300250,801750
300251,801760
300252,801770
300253,801750
300254,801150
300255,801150
300256,801080
300257,801890
300258,801880
300259,801890
300260,801890
300261,801030
300262,801160
300263,801160
300264,801750
300265,801730
300266,801160
300267,801150
300268,801010
300269,801760
300270,801750
300271,801750
300272,801110
300273,801150
300274,801730
300275,801890
300276,801890
300277,801750
300278,801890
300279,801080
300280,801890
300281,801890
300282,801080
300283,801730
300284,801720
300285,801030
300286,801730
300287,801750
300288,801750
300289,801150
300290,801750
300291,801760
300292,801770
300293,801890
300294,801150
300295,801760
300296,801080
300297,801750
300298,801150
300299,801760
300300,801750
300301,801080
300302,801750
300303,801080
300304,801880
300305,801030
300306,801890
300307,801890
300308,801770
300309,801790
300310,801770
300311,801750
300312,801770
300313,801010
300314,801150
300315,801760
300316,801730
300317,801730
300318,801150
300319,801080
300320,801030
300321,801030
300322,801080
300323,801080
300324,801750
300325,801030
300326,801150
300327,801080
300328,801050
300329,801140
300330,801750
300331,801080
300332,801160
300333,801750
300334,801160
300335,801160
300336,801760
300337,801050
300338,801760
300339,801750
300340,801080
300341,801890
300342,801110
300343,801760
300344,801710
300345,801890
300346,801080
300347,801150
300348,801750
300349,801890
300350,801170
300351,801890
300352,801750
300353,801770
300354,801890
300355,801720
300356,801730
300357,801150
300358,801150
300359,801760
300360,801730
300361,801150
300362,801890
300363,801150
300364,801760
300365,801750
300366,801750
300367,801750
300368,801750
300369,801750
300370,801890
300371,801890
300373,801080
300374,801710
300375,801880
300376,801730
300377,801750
300378,801750
300379,801750
300380,801750
300381,801150
300382,801890
300383,801770
300384,801030
300385,801890
300386,801750
300387,801030
300388,801160
300389,801080
300390,801080
300391,801890
300392,801760
300393,801730
300394,801770
300395,801050
300396,801150
300397,801740
300398,801030
300399,801750
300400,801890
300401,801150
300402,801890
300403,801110
300404,801150
300405,801030
300406,801150
300407,801730
300408,801080
300409,801030
300410,801890
300411,801890
300412,801150
300413,801200
300414,801770
300415,801890
300416,801890
300417,801890
300418,801760
300419,801750
300420,801890
300421,801890
300422,801160
300423,801730
300424,801740
300425,801160
300426,801760
300427,801730
300428,801050
300429,801030
300430,801890
300431,801760
300432,801880
300433,801080
300434,801150
300435,801890
300436,801150
300437,801030
300438,801080
300439,801150
300440,801750
300441,801890
300442,801890
300443,801730
300444,801730
300445,801890
300446,801030
300447,801730
300448,801750
300449,801750
300450,801890
300451,801750
300452,801150
300453,801150
300454,801750
300455,801750
300456,801740
300457,801890
300458,801080
300459,801760
300460,801080
300461,801890
300462,801750
300463,801150
300464,801890
300465,801750
300466,801730
300467,801760
300468,801750
300469,801750
300470,801890
300471,801890
300472,801890
300473,801880
300474,801740
300475,801110
300476,801080
300477,801730
300478,801030
300479,801750
300480,801890
300481,801030
300482,801150
300483,801890
300484,801730
300485,801150
300486,801890
300487,801030
300488,801890
300489,801050
300490,801730
300491,801730
300492,801720
300493,801080
300494,801760
300495,801720
300496,801750
300497,801150
300498,801010
300499,801890
300500,801720
300501,801140
300502,801770
300503,801890
300504,801770
300505,801030
300506,801720
300507,801880
300508,801750
300509,801890
300510,801730
300511,801010
300512,801890
300513,801750
300514,801730
300515,801890
300516,801080
300517,801720
300518,801760
300519,801150
300520,801750
300521,801890
300522,801030
300523,801750
300525,801750
300526,801130
300527,801740
300528,801760
300529,801150
300530,801030
300531,801770
300532,801750
300533,801760
300534,801150
300535,801030
300536,801720
300537,801030
300538,801030
300539,801030
300540,801890
300541,801750
300542,801750
300543,801080
300545,801080
300546,801750
300547,801880
300548,801770
300549,801890
300550,801750
300551,801890
300552,801750
300553,801890
300554,801890
300555,801770
300556,801750
300557,801890
300558,801150
300559,801750
300560,801770
300561,801750
300562,801150
300563,801770
300565,801770
300566,801080
300567,801890
300568,801030
300569,801730
300570,801770
300571,801770
300572,801890
300573,801150
300575,801030
300576,801030
300577,801130
300578,801770
300579,801750
300580,801880
300581,801740
300582,801080
300583,801150
300584,801150
300585,801880
300586,801030
300587,801030
300588,801750
300589,801740
300590,801770
300591,801130
300592,801720
300593,801730
300595,801150
300596,801030
300597,801770
300598,801750
300599,801710
300600,801740
300601,801150
300602,801080
300603,801770
300604,801890
300605,801750
300606,801890
300607,801890
300608,801750
300609,801750
300610,801030
300611,801880
300612,801760
300613,801080
300615,801770
300616,801140
300617,801730
300618,801050
300619,801890
300620,801770
300621,801720
300622,801200
300623,801080
300624,801750
300625,801080
300626,801730
300627,801750
300628,801770
300629,801890
300630,801150
300631,801160
300632,801080
300633,801150
300634,801750
300635,801720
300636,801150
300637,801030
300638,801770
300639,801150
300640,801140
300641,801030
300642,801150
300643,801880
300644,801030
300645,801750
300646,801030
300647,801080
300648,801890
300649,801720
300650,801080
300651,801140
300652,801880
300653,801150
300654,801760
300655,801030
300656,801080
300657,801080
300658,801130
300659,801750
300660,801730
300661,801080
300662,801210
300663,801750
300664,801160
300665,801030
300666,801050
300667,801890
300668,801720
300669,801890
300670,801730
300671,801080
300672,801080
300673,801010
300675,801720
300676,801150
300677,801150
300678,801750
300679,801080
300680,801880
300681,801880
300682,801750
300683,801150
300684,801030
300685,801150
300686,801080
300687,801750
300688,801230
300689,801770
300690,801030
300691,801080
300692,801160
300693,801730
300695,801880
300696,801740
300697,801050
300698,801770
300699,801030
300700,801890
300701,801080
300702,801150
300703,801140
300705,801150
300706,801050
300707,801880
300708,801080
300709,801080
300710,801770
300711,801770
300712,801720
300713,801730
300715,801710
300716,801030
300717,801030
300718,801890
300719,801740
300720,801890
300721,801030
300722,801740
300723,801150
300724,801890
300725,801150
300726,801080
300727,801030
300728,801030
300729,801140
300730,801750
300731,801050
300732,801720
300733,801880
300735,801080
300736,801080
300737,801710
300738,801750
300739,801080
300740,801030
300741,801120
300742,801880
300743,801030
300745,801730
300746,801720
300747,801080
300750,801730
600000,801780
600004,801170
600006,801880
600007,801180
600008,801160
600009,801170
600010,801040
600011,801160
600012,801170
600015,801780
600016,801780
600017,801170
600018,801170
600019,801040
600020,801170
600021,801160
600022,801040
600023,801160
600025,801160
600026,801170
600027,801160
600028,801030
600029,801170
600030,801790
600031,801890
600033,801170
600035,801170
600036,801780
600037,801760
600038,801740
600039,801720
600048,801180
600050,801770
600051,801230
600052,801180
600053,801790
600054,801210
600055,801150
600056,801150
600057,801170
600058,801200
600059,801120
600060,801110
600061,801790
600062,801150
600063,801030
600064,801180
600066,801880
600067,801180
600068,801720
600069,801140
600070,801230
600071,801080
600072,801740
600073,801120
600074,801080
600075,801030
600076,801140
600077,801180
600078,801030
600079,801150
600080,801150
600081,801880
600082,801230
600083,801230
600084,801120
600085,801150
600086,801140
600088,801760
600089,801730
600090,801150
600091,801030
600093,801790
600094,801180
600095,801180
600096,801030
600097,801010
600098,801160
600099,801880
600100,801750
600101,801160
600103,801140
600104,801880
600105,801770
600106,801170
600107,801130
600108,801010
600109,801790
600110,801080
600111,801050
600112,801730
600113,801200
600114,801050
600115,801170
600116,801160
600117,801040
600118,801740
600119,801170
600120,801200
600121,801020
600122,801200
600123,801020
600125,801170
600126,801040
600127,801010
600128,801230
600129,801150
600130,801770
600131,801160
600132,801120
600133,801720
600135,801140
600136,801760
600137,801130
600138,801210
600139,801230
600141,801030
600143,801030
600145,801710
600146,801130
600148,801880
600149,801230
600150,801740
600151,801730
600152,801080
600153,801170
600155,801790
600156,801130
600157,801020
600158,801760
600159,801180
600160,801030
600161,801150
600162,801180
600163,801160
600165,801890
600166,801880
600167,801160
600168,801160
600169,801890
600170,801720
600171,801080
600172,801890
600173,801180
600175,801230
600176,801030
600177,801180
600178,801880
600179,801170
600180,801170
600182,801030
600183,801080
600184,801740
600185,801180
600186,801120
600187,801160
600188,801020
600189,801010
600190,801170
600191,801010
600192,801730
600193,801720
600195,801010
600196,801150
600197,801120
600198,801770
600199,801120
600200,801230
600201,801010
600202,801730
600203,801080
600206,801050
600207,801730
600208,801180
600209,801720
600210,801140
600211,801150
600212,801230
600213,801880
600215,801180
600216,801150
600217,801160
600218,801890
600219,801050
600220,801130
600221,801170
600222,801150
600223,801180
600225,801180
600226,801010
600227,801150
600228,801030
600229,801760
600230,801030
600231,801040
600232,801130
600233,801170
600234,801230
600235,801140
600236,801160
600237,801080
600238,801120
600239,801180
600240,801180
600241,801200
600242,801760
600243,801890
600246,801180
600247,801200
600248,801720
600249,801030
600250,801200
600251,801010
600252,801150
600255,801050
600256,801030
600257,801010
600258,801210
600259,801050
600260,801770
600261,801080
600262,801890
600265,801010
600266,801180
600267,801150
600268,801730
600269,801170
600270,801170
600271,801750
600272,801150
600273,801030
600275,801010
600276,801150
600277,801030
600278,801200
600279,801170
600280,801200
600281,801230
600282,801040
600283,801160
600284,801720
600285,801150
600287,801200
600288,801080
600289,801770
600290,801730
600291,801790
600292,801160
600293,801770
600295,801020
600297,801880
600298,801010
600299,801030
600300,801120
600301,801030
600302,801890
600303,801880
600305,801120
600306,801200
600307,801040
600308,801140
600309,801030
600310,801160
600311,801050
600312,801730
600313,801010
600315,801030
600316,801740
600317,801170
600318,801790
600319,801030
600320,801890
600321,801710
600322,801180
600323,801160
600325,801180
600326,801720
600327,801880
600328,801030
600329,801150
600330,801050
600331,801050
600332,801150
600333,801160
600335,801880
600336,801110
600337,801140
600338,801050
600339,801020
600340,801180
600343,801740
600345,801770
600346,801030
600348,801020
600349,801730
600350,801170
600351,801150
600352,801030
600353,801080
600354,801010
600355,801770
600356,801140
600358,801210
600359,801010
600360,801080
600361,801200
600362,801050
600363,801080
600365,801120
600366,801050
600367,801030
600368,801170
600369,801790
600370,801130
600371,801010
600372,801740
600373,801760
600375,801890
600376,801180
600377,801170
600378,801030
600379,801730
600380,801150
600381,801760
600382,801230
600383,801180
600385,801050
600386,801760
600387,801030
600388,801890
600389,801030
600390,801790
600391,801740
600392,801050
600393,801180
600395,801020
600396,801160
600397,801020
600398,801130
600399,801040
600400,801130
600403,801020
600405,801730
600406,801730
600408,801020
600409,801030
600410,801750
600415,801200
600416,801730
600418,801880
600419,801120
600420,801150
600421,801890
600422,801150
600423,801030
600425,801710
600426,801030
600428,801170
600429,801120
600433,801140
600435,801740
600436,801150
600438,801010
600439,801140
600444,801890
600446,801750
600448,801130
600449,801710
600452,801160
600455,801760
600456,801050
600458,801030
600459,801050
600460,801080
600461,801160
600462,801770
600463,801180
600466,801180
600467,801010
600468,801730
600469,801030
600470,801030
600475,801730
600476,801750
600477,801720
600478,801080
600479,801150
600480,801880
600481,801890
600482,801730
600483,801160
600485,801770
600486,801030
600487,801770
600488,801150
600489,801050
600490,801050
600491,801720
600493,801130
600495,801890
600496,801720
600497,801050
600498,801770
600499,801890
600500,801030
600501,801890
600502,801720
600503,801180
600505,801160
600506,801010
600507,801040
600508,801020
600509,801160
600510,801130
600511,801150
600512,801720
600513,801150
600515,801180
600516,801050
600517,801730
600518,801150
600519,801120
600520,801890
600521,801150
600522,801770
600523,801880
600525,801730
600526,801890
600527,801030
600528,801720
600529,801150
600530,801150
600531,801050
600532,801020
600533,801180
600535,801150
600536,801750
600537,801730
600538,801150
600539,801140
600540,801010
600543,801120
600545,801890
600546,801020
600547,801050
600548,801170
600549,801050
600550,801730
600551,801760
600552,801080
600555,801210
600556,801230
600557,801150
600558,801890
600559,801120
600560,801890
600561,801170
600562,801740
600563,801080
600565,801180
600566,801150
600567,801140
600568,801180
600569,801040
600570,801750
600571,801750
600572,801150
600573,801120
600575,801170
600576,801760
600577,801890
600578,801160
600579,801890
600580,801730
600581,801040
600582,801890
600583,801020
600584,801080
600585,801710
600586,801710
600587,801150
600588,801750
600589,801030
600590,801730
600592,801890
600593,801210
600594,801150
600595,801050
600596,801030
600597,801120
600598,801010
600599,801790
600600,801120
600601,801750
600602,801750
600603,801230
600604,801180
600605,801200
600606,801180
600608,801200
600609,801880
600610,801720
600611,801170
600612,801140
600613,801150
600614,801050
600615,801050
600616,801120
600617,801160
600618,801030
600619,801110
600620,801230
600621,801180
600622,801180
600623,801030
600624,801230
600626,801200
600628,801200
600629,801720
600630,801130
600633,801760
600634,801760
600635,801160
600636,801030
600637,801760
600638,801180
600639,801180
600640,801760
600641,801180
600642,801160
600643,801790
600644,801160
600645,801150
600647,801180
600648,801180
600649,801180
600650,801170
600651,801080
600652,801760
600653,801880
600654,801750
600655,801200
600657,801180
600658,801180
600660,801880
600661,801760
600662,801170
600663,801180
600664,801150
600665,801180
600666,801080
600667,801080
600668,801710
600671,801150
600673,801050
600674,801160
600675,801180
600676,801880
600677,801740
600678,801710
600679,801880
600681,801160
600682,801200
600683,801180
600684,801180
600685,801740
600686,801880
600687,801050
600688,801030
600689,801130
600690,801110
600691,801030
600692,801180
600693,801200
600694,801200
600695,801790
600696,801180
600697,801200
600698,801880
600699,801880
600701,801750
600702,801120
600703,801080
600704,801230
600705,801790
600706,801210
600707,801080
600708,801180
600710,801200
600711,801050
600712,801200
600713,801150
600714,801030
600715,801760
600716,801180
600717,801170
600718,801750
600719,801160
600720,801710
600721,801150
600722,801030
600723,801200
600724,801180
600725,801020
600726,801160
600727,801030
600728,801750
600729,801200
600730,801230
600731,801030
600732,801180
600733,801880
600734,801770
600735,801200
600736,801180
600737,801010
600738,801200
600739,801200
600740,801020
600741,801880
600742,801880
600743,801180
600744,801160
600745,801080
600746,801030
600747,801230
600748,801180
600749,801210
600750,801150
600751,801080
600753,801200
600754,801210
600755,801200
600756,801750
600757,801760
600758,801020
600759,801020
600760,801740
600761,801890
600763,801150
600764,801740
600765,801890
600766,801050
600767,801150
600768,801050
600769,801720
600770,801230
600771,801150
600773,801180
600774,801200
600775,801770
600776,801770
600777,801020
600778,801200
600779,801120
600780,801160
600781,801150
600782,801040
600783,801790
600784,801230
600785,801200
600787,801170
600789,801150
600790,801200
600791,801180
600792,801020
600793,801140
600794,801170
600795,801160
600796,801150
600797,801750
600798,801170
600800,801750
600801,801710
600802,801710
600803,801160
600804,801770
600805,801230
600807,801180
600808,801040
600809,801120
600810,801030
600811,801230
600812,801150
600814,801200
600815,801890
600816,801790
600817,801230
600818,801230
600819,801710
600820,801720
600821,801200
600822,801200
600823,801180
600824,801200
600825,801760
600826,801200
600827,801200
600828,801200
600829,801150
600830,801790
600831,801760
600833,801150
600834,801170
600835,801890
600836,801140
600837,801790
600838,801200
600839,801110
600841,801890
600843,801890
600844,801030
600845,801750
600846,801720
600847,801730
600848,801180
600850,801750
600851,801150
600853,801720
600854,801110
600855,801750
600856,801160
600857,801200
600858,801200
600859,801200
600860,801890
600861,801200
600862,801740
600863,801160
600864,801790
600865,801200
600866,801120
600867,801150
600868,801160
600869,801730
600870,801110
600871,801020
600872,801120
600873,801010
600874,801160
600875,801730
600876,801710
600877,801880
600879,801740
600880,801760
600881,801710
600882,801120
600883,801710
600884,801080
600885,801730
600886,801160
600887,801120
600888,801050
600889,801030
600890,801180
600891,801140
600892,801760
600893,801740
600894,801890
600895,801180
600896,801150
600897,801170
600898,801200
600900,801160
600901,801790
600903,801160
600908,801780
600909,801790
600917,801160
600919,801780
600926,801780
600929,801030
600933,801880
600936,801760
600939,801720
600958,801790
600959,801760
600960,801880
600961,801050
600962,801010
600963,801140
600965,801010
600966,801140
600967,801740
600969,801160
600970,801720
600971,801020
600973,801730
600975,801010
600976,801150
600977,801760
600978,801140
600979,801160
600980,801050
600981,801200
600982,801160
600983,801110
600984,801890
600985,801030
600986,801760
600987,801130
600988,801050
600990,801740
600992,801890
600993,801150
600995,801160
600996,801760
600997,801020
600998,801150
600999,801790
601000,801170
601001,801020
601002,801890
601003,801040
601005,801040
601006,801170
601007,801210
601008,801170
601009,801780
601010,801200
601011,801020
601012,801730
601015,801020
601016,801160
601018,801170
601019,801760
601020,801050
601021,801170
601028,801890
601038,801890
601058,801030
601066,801790
601068,801720
601069,801050
601086,801200
601088,801020
601098,801760
601099,801790
601100,801890
601101,801020
601106,801890
601107,801170
601108,801790
601111,801170
601113,801030
601116,801200
601117,801720
601118,801010
601126,801730
601127,801880
601128,801780
601137,801050
601138,801080
601139,801160
601155,801180
601158,801160
601163,801030
601166,801780
601168,801050
601169,801780
601177,801890
601179,801730
601186,801720
601188,801170
601198,801790
601199,801160
601200,801160
601206,801150
601208,801030
601211,801790
601212,801050
601216,801030
601218,801730
601222,801730
601225,801020
601226,801720
601228,801170
601229,801780
601231,801080
601233,801030
601238,801880
601258,801880
601288,801780
601311,801880
601318,801790
601326,801170
601328,801780
601330,801160
601333,801170
601336,801790
601339,801130
601360,801750
601366,801200
601368,801160
601369,801890
601375,801790
601377,801790
601388,801050
601390,801720
601398,801780
601500,801030
601515,801140
601518,801170
601519,801750
601555,801790
601558,801730
601566,801130
601567,801730
601579,801120
601588,801180
601595,801760
601599,801130
601600,801050
601601,801790
601606,801740
601607,801150
601608,801890
601611,801720
601616,801730
601618,801720
601619,801160
601628,801790
601633,801880
601636,801710
601666,801020
601668,801720
601669,801720
601677,801050
601678,801030
601688,801790
601689,801880
601699,801020
601700,801730
601717,801890
601718,801130
601727,801730
601766,801890
601777,801880
601788,801790
601789,801720
601798,801890
601799,801880
601800,801720
601801,801760
601808,801020
601811,801760
601818,801780
601828,801200
601838,801780
601857,801020
601858,801760
601866,801170
601869,801770
601872,801170
601877,801730
601878,801790
601880,801170
601881,801790
601882,801890
601886,801720
601888,801210
601890,801740
601898,801020
601899,801050
601900,801760
601901,801790
601908,801730
601918,801020
601919,801170
601928,801760
601929,801760
601933,801200
601939,801780
601949,801760
601952,801010
601958,801050
601965,801880
601966,801030
601968,801140
601969,801020
601985,801160
601988,801780
601989,801740
601990,801790
601991,801160
601992,801230
601996,801140
601997,801780
601998,801780
601999,801760
603000,801760
603001,801130
603002,801030
603003,801030
603005,801080
603006,801880
603007,801720
603008,801140
603009,801880
603010,801030
603011,801890
603012,801890
603013,801880
603015,801730
603016,801730
603017,801720
603018,801720
603019,801750
603020,801120
603021,801140
603022,801140
603023,801880
603025,801730
603026,801030
603027,801120
603028,801890
603029,801890
603030,801720
603031,801120
603032,801170
603033,801030
603035,801880
603036,801890
603037,801880
603038,801710
603039,801750
603040,801880
603041,801030
603042,801770
603043,801120
603045,801050
603050,801730
603055,801030
603056,801170
603058,801140
603059,801140
603060,801230
603063,801730
603066,801170
603067,801030
603069,801170
603076,801890
603077,801030
603078,801030
603079,801150
603080,801160
603081,801720
603083,801770
603085,801880
603086,801030
603088,801890
603089,801880
603090,801890
603096,801760
603098,801720
603099,801210
603100,801730
603101,801200
603103,801760
603105,801730
603106,801750
603108,801150
603110,801030
603111,801890
603113,801020
603116,801130
603117,801170
603118,801770
603123,801200
603126,801160
603127,801150
603128,801170
603129,801880
603131,801890
603133,801030
603136,801210
603138,801750
603139,801150
603156,801120
603157,801130
603158,801880
603159,801890
603160,801080
603161,801880
603165,801140
603166,801880
603167,801170
603168,801150
603169,801890
603177,801160
603178,801880
603179,801880
603180,801140
603181,801030
603183,801230
603186,801080
603188,801030
603189,801750
603192,801030
603196,801130
603197,801880
603198,801120
603199,801210
603200,801160
603203,801890
603208,801140
603214,801200
603218,801730
603222,801150
603223,801170
603225,801030
603226,801140
603227,801030
603228,801080
603229,801150
603232,801750
603233,801150
603238,801130
603239,801880
603258,801760
603259,801150
603260,801050
603266,801030
603268,801140
603269,801890
603277,801890
603278,801890
603283,801890
603286,801880
603288,801120
603289,801890
603298,801890
603299,801030
603300,801790
603301,801150
603302,801160
603303,801080
603305,801880
603306,801880
603308,801890
603309,801150
603311,801890
603313,801140
603315,801890
603316,801720
603318,801890
603319,801880
603320,801730
603321,801890
603322,801770
603323,801780
603326,801140
603328,801080
603329,801170
603330,801030
603331,801890
603333,801730
603335,801880
603336,801010
603337,801890
603338,801890
603339,801890
603345,801120
603348,801880
603355,801110
603356,801890
603357,801720
603358,801880
603359,801720
603360,801030
603363,801010
603365,801130
603366,801110
603367,801150
603368,801150
603369,801120
603377,801880
603378,801030
603380,801080
603383,801750
603385,801140
603386,801080
603387,801150
603388,801720
603389,801140
603393,801160
603396,801730
603398,801140
603399,801050
603416,801730
603421,801770
603429,801140
603444,801760
603456,801150
603458,801720
603466,801720
603477,801130
603486,801110
603488,801730
603496,801750
603499,801140
603500,801890
603501,801080
603505,801020
603506,801180
603507,801730
603508,801750
603515,801080
603516,801750
603517,801120
603518,801130
603519,801110
603520,801150
603527,801050
603528,801880
603533,801760
603535,801170
603536,801120
603538,801150
603555,801130
603556,801890
603557,801130
603558,801130
603559,801770
603566,801010
603567,801150
603568,801160
603569,801170
603577,801730
603578,801110
603579,801110
603580,801030
603585,801030
603586,801880
603587,801130
603588,801160
603589,801120
603590,801150
603595,801080
603596,801880
603598,801760
603599,801030
603600,801140
603601,801030
603602,801770
603603,801160
603605,801030
603606,801730
603607,801140
603608,801130
603609,801010
603611,801890
603612,801050
603615,801030
603616,801710
603617,801890
603618,801730
603619,801020
603626,801890
603628,801730
603630,801030
603633,801080
603636,801750
603637,801720
603638,801890
603639,801030
603648,801170
603650,801030
603655,801880
603656,801890
603657,801110
603658,801150
603659,801080
603660,801750
603661,801140
603663,801050
603665,801130
603666,801890
603667,801890
603668,801010
603669,801150
603676,801150
603677,801110
603678,801080
603679,801080
603680,801890
603683,801030
603685,801080
603686,801890
603688,801050
603689,801160
603690,801890
603693,801160
603696,801120
603698,801720
603699,801890
603701,801880
603703,801770
603706,801160
603707,801150
603708,801200
603709,801140
603711,801120
603712,801770
603713,801170
603716,801150
603717,801720
603718,801010
603721,801760
603722,801030
603725,801710
603726,801110
603727,801020
603728,801730
603729,801760
603730,801880
603733,801140
603737,801030
603738,801080
603757,801890
603758,801880
603766,801880
603767,801880
603768,801880
603773,801080
603776,801880
603777,801120
603778,801720
603779,801120
603787,801880
603788,801880
603789,801890
603797,801160
603798,801030
603799,801050
603800,801890
603801,801140
603803,801770
603806,801730
603808,801130
603809,801880
603811,801150
603813,801170
603816,801140
603817,801160
603818,801140
603819,801730
603822,801030
603823,801030
603825,801760
603826,801050
603828,801720
603829,801730
603833,801140
603838,801140
603839,801130
603843,801720
603848,801140
603855,801890
603856,801710
603858,801150
603859,801730
603860,801720
603861,801730
603866,801120
603868,801110
603869,801210
603871,801170
603876,801050
603877,801130
603878,801040
603879,801030
603880,801150
603881,801750
603882,801150
603883,801150
603885,801170
603886,801120
603887,801720
603888,801760
603889,801130
603890,801080
603895,801890
603896,801150
603897,801730
603898,801140
603899,801140
603900,801200
603901,801890
603903,801160
603906,801030
603908,801130
603909,801720
603912,801890
603916,801030
603917,801880
603918,801750
603919,801120
603920,801080
603922,801880
603926,801880
603928,801030
603929,801720
603933,801080
603936,801080
603937,801710
603938,801030
603939,801150
603955,801720
603958,801130
603959,801720
603960,801890
603963,801150
603966,801890
603968,801030
603969,801890
603970,801030
603976,801150
603977,801030
603978,801050
603979,801020
603980,801030
603985,801890
603986,801080
603987,801150
603988,801730
603989,801080
603990,801750
603991,801030
603993,801050
603996,801110
603997,801880
603998,801150
603999,801760
