1,600038,中直股份?点评,运输设备,41.04,4.40%,242,67,0,0,1660,0.06,0.03,20.19,19.11,10.6,0,0,0.4,10.2,-8.7,-1.9,133,1.16,9.8,9.4,61.8,51.6,14,22.7,14.4,16.3,0.65,2.6
2,600372,中航电子?点评,运输设备,13.81,3.52%,243,83,0,0,633,0.03,0.03,27.45,19.32,9.7,0,0,15.1,-5.4,-3.4,-6.3,112,1.35,15.2,0.1,45.6,51,16.4,19.8,22.8,29.1,0.27,2.37
3,600276,恒瑞医药?点评,医药制造,84.41,3.00%,2378,77,0,0,1878,0.01,0.01,17.08,9.28,6.1,0,0,2.1,4,-3.5,-2.6,133,1.19,18,15.9,51.6,47.6,17.7,21.2,12.7,15.3,0.13,1.43
4,300017,网宿科技?点评,软件服务,13.72,2.85%,220,43,0,0,-903,-0.04,-0.12,-9.05,6.12,-2.3,0,0,-0.1,-2.2,0.3,2,107,0.88,5.3,5.4,47,49.2,21,20.7,26.7,24.7,1.81,0.88
5,300059,东方财富?点评,互联网,16,2.83%,551,112,0,0,552,0.01,0.01,1.13,2.97,0.3,0,0,0.3,0,-0.2,-0.1,137,1.01,18.2,17.9,50.4,50.4,15,15.2,16.4,16.5,3.33,2.06
6,300122,智飞生物?点评,医药制造,32,2.63%,278,135,0,0,-603,-0.02,0,-6.14,14.67,-6.4,0,0,1.5,-7.9,4,2.4,80,1.01,10.2,8.7,26.7,34.6,25.2,21.2,37.9,35.5,0.34,1.24
7,600196,复星医药?点评,医药制造,43.7,2.56%,835,33,0,0,2150,0.03,0.01,15.46,14.77,5.3,0,0,2.2,3.1,-2.9,-2.4,144,1.13,21,18.8,53.4,50.3,11.7,14.6,13.9,16.3,0.49,1.81
8,000503,海虹控股?点评,互联网,40.77,2.51%,366,-178,0,0,-1268,-0.03,-0.03,-14.25,21.32,-6,0,0,-1.7,-4.3,3.5,2.5,124,0.87,5.6,7.3,53.2,57.5,23.2,19.7,18,15.5,0.58,1.28
9,600535,天士力?点评,医药制造,41.2,2.49%,426,29,0,0,806,0.02,0.02,11.6,10.89,4.4,0,0,-5.9,10.3,-4,-0.4,132,1.1,7.6,13.5,60.5,50.2,14.6,18.6,17.3,17.7,0.43,1.86
10,300070,碧水源?点评,生态环境,17.09,2.46%,348,54,0,0,-538,-0.02,-0.02,-6.19,16.81,-3,0,0,-0.2,-2.8,1,2,98,0.94,1.8,2,45.9,48.7,22.6,21.6,29.7,27.7,0.52,1.59
11,300003,乐普医疗?点评,专用设备,30.21,2.37%,426,55,0,0,-162,0,0,-2.3,22.31,-1.1,0,0,0.4,-1.5,0.5,0.6,105,0.98,4.5,4.1,47.5,49,21.8,21.3,26.2,25.6,0.35,1.3
12,601607,上海医药?点评,零售业,23.75,2.24%,457,19,0,0,2176,0.05,0.03,53.41,16.79,20.8,0,0,31.7,-10.9,-12.1,-8.7,125,1.61,40.7,9,32.4,43.3,7.4,19.5,19.5,28.2,0.23,1.79
13,002415,海康威视?点评,电子设备,42.57,2.18%,3138,48,0,0,93,0,0,-2.11,13.52,0.2,0,0,0.5,-0.3,-1.5,1.3,90,0.95,5.2,4.7,39.7,40,24.5,26,30.6,29.3,0.15,1.57
14,601318,中国平安?点评,保险业,72,2.11%,7800,15,0,0,24768,0.03,0.02,56.27,3.52,10.4,0,0,13.3,-2.9,-3.9,-6.5,164,1.68,50.8,37.5,36.3,39.2,7,10.9,5.9,12.4,0.31,1.96
15,600893,航发动力?点评,运输设备,26.17,2.03%,510,103,0,0,1042,0.02,0.01,19.32,1.82,10.4,0,0,5.8,4.6,-7.3,-3.1,129,1.15,18,12.2,51.5,46.9,12,19.3,18.5,21.6,0.2,1.16
16,600028,中国石化?点评,石油开采,6.55,2.02%,6259,16,0,0,5595,0.01,0.01,71.86,10.76,12.8,0,0,18.5,-5.7,-1,-11.8,151,1.99,47.1,28.6,35,40.7,10.1,11.1,7.8,19.6,0.07,1.9
17,002470,金正大?点评,化学制品,8.57,1.90%,222,22,0,0,257,0.01,0.01,9.94,7.19,6.4,0,0,1.7,4.7,-3.2,-3.2,87,1.09,1.7,0,45.2,40.5,27.3,30.5,25.8,29,0.18,1.23
18,601866,中远海发?点评,水上运输,3.23,1.89%,256,25,0,0,771,0.03,0.01,29.03,38.77,15.6,0,0,3,12.6,-5.6,-10,120,1.14,11.2,8.2,56.5,43.9,12,17.6,20.3,30.3,0.19,5.33
19,600703,三安光电?点评,电子设备,25.96,1.88%,1059,34,0,0,2910,0.03,0.02,26.26,6.44,9.6,0,0,8.4,1.2,-1.7,-7.9,132,1.28,20.2,11.8,50.6,49.4,15.3,17,13.9,21.8,0.29,1.37
20,601877,正泰电器?点评,电气机械,25.86,1.85%,440,21,0,0,1510,0.03,0.02,21.21,2.63,10.3,0,0,3.2,7.1,-2.6,-7.7,126,1.18,11.4,8.2,56.9,49.8,14.7,17.3,17,24.7,0.33,1.18
21,600271,航天信息?点评,电子设备,21.59,1.84%,399,27,0,0,112,0,0.01,6.89,19.87,0.9,0,0,-6.8,7.7,5.4,-6.3,117,1.11,8.9,15.7,50.1,42.4,24.1,18.7,16.9,23.2,0.31,1.05
22,600332,白云山?点评,医药制造,27.42,1.78%,294,22,0,0,538,0.02,0.01,10.36,11.29,4.8,0,0,-4,8.8,-0.7,-4.1,121,1.09,4.5,8.5,58.6,49.8,16.8,17.5,20.1,24.2,0.38,2.04
23,000938,紫光股份?点评,电子设备,68.06,1.78%,140,47,0,0,-751,-0.05,-0.04,-9.8,11.96,-5.1,0,0,-4.9,-0.2,3.4,1.7,105,0.92,8.5,13.4,41.4,41.6,23.2,19.8,26.9,25.2,1.05,1.22
24,300124,汇川技术?点评,电气机械,33.91,1.77%,416,58,0,0,29,0,0.02,3.06,-2.69,0.2,0,0,-0.5,0.7,2.2,-2.4,81,1.07,4.3,4.8,36.5,35.8,26.9,24.7,32.3,34.7,0.35,1.24
25,002624,完美世界?点评,互联网,30.81,1.75%,144,28,0,0,-70,0,-0.03,-5.23,-5.45,-1.5,0,0,0,-1.5,0,1.5,59,0.88,0,0,28.8,30.3,21.6,21.6,49.6,48.1,0.33,1.2
26,002230,科大讯飞?点评,软件服务,62.53,1.67%,749,391,0,0,-469,-0.01,-0.01,-0.78,6.49,-0.4,0,0,0.8,-1.2,0,0.4,103,0.99,8.1,7.3,43.2,44.4,21.9,21.9,26.8,26.4,1.57,1.38
27,002024,苏宁易购?点评,零售业,13.52,1.65%,683,145,0,0,-445,-0.01,0,-3.22,5.59,-1.6,0,0,2.4,-4,1,0.6,111,0.97,10.7,8.3,44,48,20.9,19.9,24.4,23.8,0.41,1.1
28,600482,中国动力?点评,运输设备,24.47,1.54%,222,39,0,0,-107,0,0.02,8.15,1.92,-1.7,0,0,3.1,-4.8,6.5,-4.8,112,1.19,17.6,14.5,37.8,42.6,26.4,19.9,18.2,23,0.28,1.5
29,000768,中航飞机?点评,运输设备,15.14,1.47%,419,247,0,0,-68,0,-0.01,-4.4,11.52,-0.8,0,0,2.7,-3.5,-0.4,1.2,76,0.91,2.7,0,34.9,38.4,21.9,22.3,40.5,39.3,0.2,1.15
30,002008,大族激光?点评,专用设备,57.72,1.44%,573,31,0,0,98,0,0,-0.06,-3.87,0.4,0,0,0.7,-0.3,-0.4,0,114,1,6.1,5.4,51.3,51.6,20.4,20.8,22.2,22.2,0.43,1.02
31,002065,东华软件?点评,软件服务,8.46,1.44%,236,22,0,0,364,0.02,0,3.77,15,3.7,0,0,-0.8,4.5,-2.1,-1.6,84,0.99,2.7,3.5,41.2,36.7,24.5,26.6,31.6,33.2,0.42,0.99
32,300027,华谊兄弟?点评,文体传媒,9.89,1.44%,190,34,0,0,-27,0,-0.04,-5.72,9.41,-0.2,0,0,1.2,-1.4,-1.7,1.9,101,0.9,7.5,6.3,42.9,44.3,21.1,22.8,28.5,26.6,0.71,0.97
33,000858,五粮液?点评,饮料制造,77.96,1.42%,2959,32,0,0,682,0,0,3.72,4.28,0.9,0,0,1.7,-0.8,-0.2,-0.7,116,1.05,11.7,10,46.6,47.4,17.2,17.4,24.5,25.2,0.26,1.36
34,300024,机器人?点评,通用设备,19.02,1.39%,288,79,0,0,-583,-0.02,-0.03,-9.74,10.63,-5.9,0,0,-0.7,-5.2,2.2,3.7,62,0.89,1.2,1.9,26.8,32,29.2,27,42.8,39.1,0.34,0.93
35,601601,中国太保?点评,保险业,41.3,1.32%,2596,26,0,0,2589,0.01,0.01,33.38,-9.42,9.5,0,0,8.7,0.8,-3.5,-6,142,1.39,24.9,16.2,50.8,50,13.5,17,10.8,16.8,0.11,1.22
36,600030,中信证券?点评,金融服务,18.58,1.31%,1824,21,0,0,2802,0.02,0,4.25,7.98,3.4,0,0,9.5,-6.1,-2.2,-1.2,144,1.01,36.7,27.2,37.1,43.2,11.5,13.7,14.7,15.9,0.45,1.39
37,603160,汇顶科技?点评,电子设备,89.44,1.30%,205,39,0,0,-269,-0.01,-0.02,-15.04,-1.33,-6.8,0,0,-0.3,-6.5,-0.7,7.5,91,0.83,0,0.3,42.2,48.7,23.4,24.1,34.4,26.9,0.19,0.82
38,002174,游族网络?点评,互联网,23.07,1.18%,133,33,0,0,-92,-0.01,0.02,-0.72,9.81,-3.2,0,0,0,-3.2,7.5,-4.3,41,1.12,0,0,18.8,22,33,25.5,48.2,52.5,0.22,0.65
39,600118,中国卫星?点评,电子设备,21.58,1.12%,255,74,0,0,173,0.01,0.01,12.24,20.51,4.5,0,0,6.2,-1.7,-1.3,-3.2,112,1.16,6.2,0,52.1,53.8,20.5,21.8,21.2,24.4,0.15,0.81
40,600519,贵州茅台?点评,饮料制造,748,1.10%,9396,35,0,0,7189,0.01,0,22.8,6.69,6.5,0,0,5.1,1.4,-6.5,0,167,1.21,46.4,41.3,40.3,38.9,13.1,19.6,0.2,0.2,0.12,1.27
41,600208,新湖中宝?点评,房地产业,4.69,1.08%,403,18,0,0,606,0.01,0.02,36.62,-9.39,5.9,0,0,12.2,-6.3,-1.2,-4.7,148,1.51,34.2,22,42.5,48.8,12.6,13.8,10.7,15.4,0.25,1.75
42,000728,国元证券?点评,金融服务,9.4,1.08%,277,27,0,0,34,0,0,-1.25,21.59,0.7,0,0,-0.1,0.8,-3.6,2.9,71,0.94,0,0.1,35.9,35.1,28.4,32,35.7,32.8,0.18,1.04
43,300033,同花顺?点评,软件服务,51.9,1.05%,137,38,0,0,-186,-0.02,0,-2.64,7.01,-2.1,0,0,0.4,-2.5,0.2,1.9,83,0.99,0.4,0,39.9,42.4,24.1,23.9,35.6,33.7,0.65,0.87
44,000725,京东方A?点评,电子设备,5.85,1.04%,1981,24,0,0,-4746,-0.02,-0.01,-8.47,19.23,-4,0,0,-2.9,-1.1,0.6,3.4,120,0.93,15.8,18.7,42.1,43.2,16,15.4,26.1,22.7,0.6,1.17
45,002500,山西证券?点评,金融服务,7.82,1.03%,221,44,0,0,-290,-0.02,-0.02,-13.56,18.56,-5.5,0,0,-3.9,-1.6,1.7,3.8,82,0.83,2.3,6.2,35.8,37.4,24.6,22.9,37.3,33.5,0.24,0.93
46,300144,宋城演艺?点评,文体传媒,20.1,1.01%,232,24,0,0,-411,-0.02,-0.03,-14.96,17.75,-7.4,0,0,0.9,-8.3,-0.3,7.7,80,0.83,0.9,0,35.6,43.9,26.7,27,36.8,29.1,0.24,0.94
47,600008,首创股份?点评,水供应,5.11,0.99%,246,44,0,0,914,0.04,0.02,18.76,27.51,11.8,0,0,18.9,-7.1,-5,-6.8,107,1.13,24.5,5.6,35.1,42.2,15.1,20.1,25.3,32.1,0.31,1.44
48,000738,航发控制?点评,运输设备,16.35,0.99%,187,77,0,0,-1423,-0.08,-0.08,-16.34,-3.61,-7.5,0,0,-6.7,-0.8,2.5,5,106,0.85,6.3,13,43.1,43.9,21.7,19.2,28.9,23.9,1.01,1.34
49,002294,信立泰?点评,医药制造,39.98,0.91%,418,29,0,0,-836,-0.02,-0.01,-19.17,3.61,-10.4,0,0,-5.9,-4.5,3.6,6.8,112,0.85,3.8,9.7,46.9,51.4,19.6,16,29.7,22.9,0.19,1.73
50,600009,上海机场?点评,航空运输,49.78,0.89%,544,27,0,0,283,0,0.02,13.58,16.59,4.5,0,0,-0.4,4.9,2.6,-7.1,80,1.26,1.6,2,40.5,35.6,29,26.4,28.9,36,0.12,1.11
51,002608,江苏国信?点评,电热供应,9.13,0.88%,49,16,0,0,29,0.01,-0.04,-5.63,13.51,4.5,0,0,0,4.5,-7.8,3.3,47,0.65,0,0,25.8,21.3,18.6,26.4,55.6,52.3,0.13,0.97
52,000826,启迪桑德?点评,生态环境,29.38,0.86%,249,25,0,0,-330,-0.01,-0.01,-9.17,5.93,-5.7,0,0,0,-5.7,1.2,4.5,82,0.93,0,0,38.2,43.9,27,25.8,34.8,30.3,0.23,1.14
53,002558,巨人网络?点评,互联网,32.53,0.84%,113,47,0,0,87,0.01,-0.02,0.35,14.12,3.2,0,0,0,3.2,-5.3,2.1,37,0.87,0,0,19.9,16.7,27.8,33.1,52.3,50.2,0.24,0.84
54,600977,中国电影?点评,文体传媒,17.28,0.82%,98,34,0,0,829,0.08,0.06,30.06,12,15.7,0,0,2.6,13.1,-3.9,-11.8,107,1.29,2.6,0,58.5,45.4,13.8,17.7,25.1,36.9,0.54,1.01
55,600436,片仔癀?点评,医药制造,81,0.81%,489,54,0,0,59,0,0,-2.15,-0.01,0.5,0,0,4.7,-4.2,-1.3,0.8,119,0.96,18.4,13.7,41.4,45.6,20,21.3,20.2,19.4,0.24,1
56,600570,恒生电子?点评,软件服务,53.23,0.81%,329,85,0,0,-1990,-0.06,-0.06,-14.91,1.74,-4,0,0,-3.7,-0.3,1.7,2.3,150,0.87,20.4,24.1,52.8,53.1,14.1,12.4,12.7,10.4,1.54,1.41
57,600663,陆家嘴?点评,房地产业,20.05,0.80%,490,35,0,0,174,0,0,21.19,-15.14,19.8,0,0,0,19.8,-13.7,-6.1,79,1.02,0,0,49.2,29.4,15.7,29.4,35.1,41.2,0.02,1.2
58,000100,TCL集团?点评,电子设备,3.84,0.79%,450,20,0,0,-728,-0.02,-0.01,-10,22.48,-3.4,0,0,-4.2,0.8,-0.9,4.3,128,0.91,16.9,21.1,45.5,44.7,11.9,12.8,25.7,21.4,0.48,1.42
59,600233,圆通速递?点评,邮政业,17.68,0.74%,138,35,0,0,434,0.03,0.03,30.43,11.52,17.6,0,0,1,16.6,-7.2,-10.4,81,1.39,1,0,48.5,31.9,16.9,24.1,33.6,44,0.18,1
60,002044,美年健康?点评,卫生,24.97,0.73%,240,225,0,0,19,0,0,1.95,18.24,0.6,0,0,4.5,-3.9,-0.3,-0.3,81,1.04,4.5,0,36.2,40.1,18.3,18.6,41,41.3,0.13,0.65
61,603858,步长制药?点评,医药制造,52.23,0.73%,171,24,0,0,-141,-0.01,-0.02,-9.81,0.19,-2.2,0,0,-3.2,1,-2.4,4.6,103,0.88,3.2,6.4,47.1,46.1,23,25.4,26.7,22.1,0.38,0.93
62,000538,云南白药?点评,医药制造,101.12,0.71%,1053,30,0,0,100,0,0,5.45,12.49,1.6,0,0,3.6,-2,1.1,-2.7,114,1.07,5.8,2.2,52,54,19.5,18.4,22.7,25.4,0.06,1.01
63,002424,贵州百灵?点评,医药制造,12.95,0.70%,94,39,0,0,203,0.02,0,7.58,-12.1,7.9,0,0,0,7.9,-6.6,-1.3,59,0.98,0,0,33.5,25.6,25.4,32,41.1,42.4,0.27,0.95
64,601881,中国银河?点评,金融服务,10.04,0.70%,123,22,0,0,-429,-0.03,-0.04,-20.33,6.38,-7.5,0,0,-0.2,-7.3,2.6,4.9,114,0.8,11,11.2,42.4,49.7,20.8,18.2,25.8,20.9,0.46,0.79
65,000423,东阿阿胶?点评,医药制造,61.8,0.68%,404,24,0,0,-272,-0.01,-0.03,-6.44,-7.48,-1.2,0,0,2,-3.2,-0.9,2.1,91,0.9,7,5,37.9,41.1,22.9,23.8,32.2,30.1,0.56,2.24
66,000559,万向钱潮?点评,汽车制造,9,0.67%,247,30,0,0,-118,0,0,-6.63,14.22,-5.5,0,0,0,-5.5,-0.6,6.1,68,0.97,0,0,31.1,36.6,25,25.6,43.9,37.8,0.09,0.82
67,002456,欧菲科技?点评,电子设备,21,0.67%,558,42,0,0,-745,-0.02,-0.01,-6.82,14.85,-3.9,0,0,-5.1,1.2,1.7,2.2,106,0.95,10.2,15.3,41,39.8,20.4,18.7,28.4,26.2,0.34,1.01
68,002241,歌尔股份?点评,电子设备,15.18,0.66%,405,26,0,0,-466,-0.01,0,-2.37,2.6,-2.8,0,0,-0.9,-1.9,1.5,1.3,93,1.02,4.2,5.1,41.1,43,22,20.5,32.7,31.4,0.41,0.81
69,002292,奥飞娱乐?点评,文教用品,12.55,0.64%,96,40,0,0,14,0,0,-0.2,14.37,0.5,0,0,4.5,-4,0.3,-0.8,66,0.98,4.5,0,28.6,32.6,27.8,27.5,39.1,39.9,0.28,0.68
70,002508,老板电器?点评,电气机械,39.01,0.64%,365,29,0,0,-245,-0.01,-0.01,-2.91,-7.42,-1.5,0,0,4.6,-6.1,-1,2.5,85,0.97,4.9,0.3,36.9,43,22,23,36.2,33.7,0.45,0.95
71,000776,广发证券?点评,金融服务,16.46,0.61%,974,15,0,0,-632,-0.01,0,-8.11,9.18,-5.1,0,0,-7,1.9,0.8,4.3,100,0.94,0,7,47.6,45.7,22.1,21.3,30.3,26,0.13,0.94
72,000001,平安银行?点评,金融服务,11.71,0.60%,1981,8,0,0,-777,0,0,-6.04,7.07,-2.2,0,0,-1.3,-0.9,0.2,2,127,0.94,17.4,18.7,45,45.9,14.9,14.7,22.7,20.7,0.18,1.06
73,600011,华能国际?点评,电热供应,6.75,0.60%,709,27,0,0,-146,0,0,-14.74,20.66,-6.3,0,0,-9.7,3.4,5.8,0.5,83,0.83,0,9.7,38.2,34.8,30.3,24.5,31.5,31,0.03,0.7
74,000568,泸州老窖?点评,饮料制造,61.14,0.59%,857,32,0,0,97,0,0,3.71,9.07,1.2,0,0,-2.8,4,-0.9,-0.3,93,1.07,6,8.8,41.1,37.1,19.5,20.4,33.4,33.7,0.09,0.61
75,600999,招商证券?点评,金融服务,17.13,0.59%,840,23,0,0,-215,0,-0.01,-15.91,-24.47,-4.5,0,0,0,-4.5,-7.1,11.6,109,0.81,7.8,7.8,44.2,48.7,15.4,22.5,32.6,21,0.06,1
76,600588,用友网络?点评,软件服务,35.87,0.59%,517,-149,0,0,71,0,-0.02,-2.85,9.27,0.1,0,0,-5.4,5.5,-0.6,0.5,148,0.96,29.6,35,44.3,38.8,10.4,11,15.7,15.2,1.36,1.18
77,600390,五矿资本?点评,其他金融,10.63,0.57%,55,13,0,0,-14,0,-0.03,-14.79,-1.31,-0.9,0,0,0,-0.9,-2.1,3,99,0.76,0,0,48.9,49.8,22,24.1,29.1,26.1,0.29,0.75
78,002736,国信证券?点评,金融服务,10.85,0.56%,890,21,0,0,63,0,0,1.74,11.73,2.6,0,0,0,2.6,-2.9,0.3,61,0.98,0,0,31.9,29.3,23.1,26,45,44.7,0.03,0.65
79,000333,美的集团?点评,电气机械,60.02,0.55%,3816,19,0,0,179,0,0,2.23,0.99,0.4,0,0,0.4,0,-0.4,0,119,1.03,12.8,12.4,47,47,18.3,18.7,21.9,21.9,0.12,0.82
80,601788,光大证券?点评,金融服务,12.87,0.55%,503,20,0,0,169,0,0,16.69,-2.74,7.3,0,0,5.2,2.1,-8.8,1.5,114,1.18,5.2,0,55.6,53.5,14.1,22.9,25.1,23.6,0.05,0.7
81,600637,东方明珠?点评,信号传输,17.02,0.53%,273,33,0,0,231,0.01,0.01,27.32,-2.47,12.4,0,0,0,12.4,-3.7,-8.7,98,1.34,0,0,55.1,42.7,15.6,19.3,29.3,38,0.07,0.37
82,600023,浙能电力?点评,电热供应,5.82,0.52%,792,16,0,0,159,0,0,12.35,29.08,2.9,0,0,10.5,-7.6,-1.9,-1,132,1.15,15.5,5,52.1,59.7,13.3,15.2,19.1,20.1,0.07,1.88
83,601939,建设银行?点评,金融服务,7.95,0.51%,763,7,0,0,2212,0.03,0.02,27.77,0.18,7.6,0,0,-1.5,9.1,-3.5,-4.1,153,1.29,36.7,38.2,43.8,34.7,9,12.5,10.5,14.6,0.38,0.96
84,601211,国泰君安?点评,金融服务,17.76,0.51%,841,16,0,0,-443,0,-0.01,-24.41,9.26,-5.6,0,0,-9.2,3.6,-0.9,6.5,116,0.72,4,13.2,51.2,47.6,20.8,21.7,24,17.5,0.09,0.97
85,600688,上海石化?点评,燃料加工,6,0.50%,440,12,0,0,195,0,0,11.98,-5.39,7.2,0,0,13.2,-6,-9.1,1.9,114,1.1,13.2,0,47.2,53.2,14.9,24,24.7,22.8,0.06,0.93
86,000686,东北证券?点评,金融服务,8.02,0.50%,188,22,0,0,-208,-0.01,0,-13.57,14.88,-10.1,0,0,-12.8,2.7,3.2,6.9,84,0.92,0,12.8,36.9,34.2,22.8,19.6,40.3,33.4,0.11,0.91
87,002673,西部证券?点评,金融服务,10.33,0.49%,362,35,0,0,45,0,0.01,4.27,-1.25,0.8,0,0,0.7,0.1,-0.3,-0.5,84,1.08,5.4,4.7,36.8,36.7,24.5,24.8,33.3,33.8,0.16,0.73
88,600085,同仁堂?点评,医药制造,33.66,0.48%,462,42,0,0,434,0.01,0,8.43,-8.85,5.7,0,0,0,5.7,0.1,-5.8,115,1.07,5.4,5.4,55.1,49.4,17.3,17.2,22.2,28,0.17,1.57
89,600109,国金证券?点评,金融服务,8.44,0.48%,255,22,0,0,-120,0,-0.01,-11.46,3.42,-3.9,0,0,11.5,-15.4,-1.9,5.8,102,0.87,11.5,0,37.7,53.1,23.6,25.5,27.2,21.4,0.12,0.74
90,601933,永辉超市?点评,零售业,10.72,0.47%,698,54,0,0,720,0.01,-0.01,-0.06,2.66,2.8,0,0,9.5,-6.7,-3.8,1,129,0.94,23.4,13.9,42.7,49.4,12.3,16.1,21.6,20.6,0.37,0.96
91,601901,方正证券?点评,金融服务,6.43,0.47%,529,30,0,0,61,0,0,-7.06,-3.92,3.4,0,0,10.7,-7.3,-7.5,4.1,85,0.79,10.7,0,33.4,40.7,19.7,27.2,36.2,32.1,0.03,0.81
92,600369,西南证券?点评,金融服务,4.51,0.45%,255,34,0,0,46,0,0,-5.4,4.16,2.5,0,0,-8.1,10.6,-3.9,1.4,123,0.87,7.9,16,54.8,44.2,18.1,22,19.2,17.8,0.07,1.19
93,000623,吉林敖东?点评,医药制造,20.68,0.44%,227,13,0,0,-202,-0.01,0,-4.49,16.73,-4.4,0,0,-3.3,-1.1,1,3.4,107,1,5.1,8.4,46.3,47.4,21.2,20.2,27.4,24,0.2,0.82
94,002352,顺丰控股?点评,邮政业,50.81,0.43%,263,44,0,0,-55,0,0,-5.1,4.49,-2.3,0,0,1.7,-4,-2.6,4.9,74,0.91,7.3,5.6,28.4,32.4,23,25.6,41.3,36.4,0.09,0.72
95,000783,长江证券?点评,金融服务,7.34,0.41%,406,20,0,0,-197,0,-0.01,-16.76,1.49,-10.5,0,0,0,-10.5,1.4,9.1,46,0.78,0,0,17.9,28.4,26.9,25.5,55.2,46.1,0.05,0.69
96,600522,中天科技?点评,电气机械,12.62,0.40%,345,20,0,0,-1464,-0.04,-0.04,-30.74,-2.73,-12.6,0,0,-7.2,-5.4,2.7,9.9,119,0.73,10.3,17.5,43,48.4,16.3,13.6,30.4,20.5,0.34,0.72
97,601766,中国中车?点评,运输设备,10.32,0.39%,2365,32,0,0,-879,0,0,-22.86,8.67,-7.2,0,0,-5.4,-1.8,2.1,5.1,115,0.77,8.8,14.2,44.9,46.7,17.9,15.8,28.4,23.3,0.05,0.79
98,601186,中国铁建?点评,土木工程,10.3,0.39%,1185,10,0,0,310,0,0,7.7,-0.13,6.5,0,0,19.8,-13.3,-5.5,-1,121,1.03,39.3,19.5,24.5,37.8,11.7,17.2,24.5,25.5,0.04,0.94
99,601878,浙商证券?点评,金融服务,13.35,0.38%,44,39,0,0,-405,-0.09,-0.06,-17.88,-5.38,-9.6,0,0,-8.5,-1.1,3.5,6.1,103,0.85,7,15.5,39.5,40.6,22.5,19,31,24.9,0.95,0.85
100,601857,中国石油?点评,石油开采,7.94,0.38%,12857,66,0,0,299,0,0,-1.01,20.91,4.1,0,0,-7,11.1,-3.5,-0.6,117,0.91,11.5,18.5,48.8,37.7,14.7,18.2,25,25.6,0.01,0.87
101,300251,光线传媒?点评,文体传媒,13.11,0.38%,361,46,0,0,420,0.01,0.01,2.74,-7.04,1.9,0,0,-0.6,2.5,-1.6,-0.3,96,1.02,9.1,9.7,40,37.5,20.2,21.8,30.7,31,0.62,1
102,600036,招商银行?点评,金融服务,30.24,0.37%,6238,10,0,0,1382,0,0,-0.61,-3.4,4.5,0,0,4.2,0.3,-4.2,-0.3,142,0.92,27,22.8,46.4,46.1,11,15.2,15.6,15.9,0.05,0.99
103,601688,华泰证券?点评,金融服务,17.39,0.35%,947,20,0,0,-971,-0.01,-0.02,-23.12,-0.35,-5.7,0,0,-2.4,-3.3,0.4,5.3,125,0.76,8.8,11.2,50.7,54,17.3,16.9,23.2,17.9,0.18,0.88
104,601555,东吴证券?点评,金融服务,8.53,0.35%,247,24,0,0,151,0.01,0,8.94,-11.55,5.9,0,0,-5,10.9,-6,0.1,102,1.06,0,5,54.1,43.2,22.4,28.4,23.5,23.4,0.1,0.75
105,600061,国投资本?点评,金融服务,12.27,0.33%,453,20,0,0,-221,-0.01,0,-31.23,9.8,-19.4,0,0,0,-19.4,-0.9,20.3,91,0.78,0,0,35.6,55,24.7,25.6,39.7,19.4,0.03,0.76
106,002385,大北农?点评,食品加工,6.14,0.33%,139,22,0,0,-57,0,0,-0.2,0.85,-2.8,0,0,-0.5,-2.3,0.3,2.5,97,1.08,6,6.5,41.2,43.5,18.7,18.4,34.1,31.6,0.15,0.78
107,300315,掌趣科技?点评,互联网,6.51,0.31%,172,35,0,0,-1435,-0.08,-0.08,-22.24,13.31,-11.4,0,0,-1.4,-10,1.6,9.8,97,0.81,1.9,3.3,41,51,18.4,16.8,38.7,28.9,0.74,1.14
108,002310,东方园林?点评,土木工程,19.51,0.31%,308,46,0,0,-545,-0.02,-0.02,-13.29,12.01,-6.5,0,0,-3,-3.5,1.7,4.8,105,0.88,0,3,49.3,52.8,22,20.3,28.7,23.9,0.27,1.25
109,002304,洋河股份?点评,饮料制造,113.38,0.30%,1406,23,0,0,278,0,0,2.72,3.59,2.3,0,0,4.8,-2.5,-1,-1.3,83,1.01,5.4,0.6,37,39.5,26,27,31.6,32.9,0.09,0.82
110,601998,中信银行?点评,金融服务,6.62,0.30%,2112,7,0,0,-220,0,0,2,30.55,-3.9,0,0,-2.6,-1.3,13.5,-9.6,101,1.12,2.3,4.9,46.2,47.5,34.8,21.3,16.7,26.3,0.03,0.89
111,600886,国投电力?点评,电热供应,7.17,0.28%,487,12,0,0,-351,-0.01,0,-34.1,7.34,-17.5,0,0,4.1,-21.6,6.5,11,109,0.74,10.7,6.6,35.1,56.7,21.8,15.3,32.4,21.4,0.04,0.62
112,002074,国轩高科?点评,电气机械,22.74,0.26%,143,30,0,0,394,0.03,0.05,7.88,-2.19,3.2,0,0,0.8,2.4,-2.2,-1,89,1.12,4.3,3.5,42,39.6,21.7,23.9,32,33,0.86,0.78
113,601872,招商轮船?点评,水上运输,4.01,0.25%,189,23,0,0,-55,0,0,-6.64,-6.5,-8.9,0,0,0,-8.9,3,5.9,84,1.06,0,0,37.4,46.3,28.3,25.3,34.3,28.4,0.03,1.02
114,300072,三聚环保?点评,化学制品,33.09,0.24%,455,22,0,0,-534,-0.01,-0.01,-13.45,10.42,-7.3,0,0,0.5,-7.8,0,7.3,81,0.86,2.4,1.9,34.4,42.2,24.6,24.6,38.6,31.3,0.16,0.84
115,002797,第一创业?点评,金融服务,8.53,0.24%,164,71,0,0,-631,-0.04,-0.03,-5.59,5.83,-4.1,0,0,0.6,-4.7,0.3,3.8,58,0.95,1.3,0.7,25.7,30.4,27.5,27.2,45.5,41.7,0.94,1.06
116,000750,国海证券?点评,金融服务,4.55,0.22%,192,26,0,0,-55,0,-0.01,-10.86,-12.51,-4.1,0,0,9.6,-13.7,-1.6,5.7,60,0.8,9.6,0,18.2,31.9,29.5,31.1,42.7,37,0.07,0.77
117,002027,分众传媒?点评,商务服务,14.25,0.21%,827,33,0,0,213,0,0.02,13.11,2.34,1.9,0,0,1.7,0.2,-0.8,-1.1,103,1.24,2.3,0.6,50.1,49.9,20.2,21,27.4,28.5,0.14,0.72
118,601997,贵阳银行?点评,金融服务,14.62,0.21%,181,8,0,0,-588,-0.03,-0.03,-29.86,-0.32,-8.8,0,0,4.6,-13.4,3.9,4.9,138,0.74,10.3,5.7,54.2,67.6,16.6,12.7,18.9,14,0.37,0.91
119,000166,申万宏源?点评,金融服务,5,0.20%,1001,24,0,0,-192,0,0,-9.01,-21.4,-8.4,0,0,0,-8.4,0.4,8,66,0.98,0,0,28.8,37.2,28.6,28.2,42.6,34.6,0.02,0.8
120,002465,海格通信?点评,电子设备,9.83,0.20%,182,92,0,0,346,0.02,0.03,14.63,-26.19,6.6,0,0,0,6.6,-5,-1.6,71,1.22,0,0,38.6,32,26.2,31.2,35.2,36.8,0.29,1.15
121,601989,中国重工?点评,运输设备,5.49,0.18%,1008,70,0,0,-1991,-0.02,-0.02,-49.17,15.88,-14.4,0,0,-21.8,7.4,4.4,10,139,0.62,23.2,45,39.2,31.8,15,10.6,22.6,12.6,0.14,1.06
122,600926,杭州银行?点评,金融服务,11.59,0.17%,170,9,0,0,-337,-0.02,-0.02,-33.23,-9.84,-11.2,0,0,8.5,-19.7,-1,12.2,117,0.71,11.8,3.3,40.9,60.6,15.6,16.6,31.7,19.5,0.18,0.71
123,600837,海通证券?点评,金融服务,12.03,0.17%,973,17,0,0,-501,0,0,-26.16,-4.78,-7.3,0,0,-0.6,-6.7,1.2,6.1,122,0.74,5.6,6.2,51.9,58.6,20.4,19.2,22.1,16,0.07,0.87
124,600352,浙江龙盛?点评,化学制品,11.81,0.17%,361,15,0,0,-1660,-0.04,-0.04,-28.09,6.21,-11.5,0,0,-8.6,-2.9,4.6,6.9,114,0.74,4.9,13.5,46.6,49.5,24.7,20.1,23.8,16.9,0.4,0.71
125,601375,中原证券?点评,金融服务,6.44,0.16%,116,54,0,0,-313,-0.03,-0.05,-21.5,10.39,-9.3,0,0,0,-9.3,-2.2,11.5,70,0.71,0,0,30.1,39.4,23.5,25.7,46.4,34.9,0.29,0.82
126,601377,兴业证券?点评,金融服务,6.8,0.15%,451,17,0,0,108,0,0,4.14,-12.49,4,0,0,2.3,1.7,-2.8,-1.2,92,1.01,2.3,0,45.9,44.2,20.1,22.9,31.7,32.9,0.06,0.69
127,600547,山东黄金?点评,金属采选,26.79,0.15%,389,42,0,0,19,0,0,-3.53,-10.72,0.2,0,0,-2,2.2,-0.4,0.2,124,0.94,7.4,9.4,54.7,52.5,17.1,17.5,20.8,20.6,0.25,0.87
128,601229,上海银行?点评,金融服务,15.24,0.13%,565,8,0,0,852,0.01,0.01,31.88,-6.91,12.9,0,0,2.9,10,-6.4,-6.5,123,1.36,9.4,6.5,58.5,48.5,16.3,22.7,15.8,22.3,0.12,0.83
129,600373,中文传媒?点评,文体传媒,16.22,0.12%,224,15,0,0,0,0,0,-0.6,-29.39,0,0,0,10.3,-10.3,-6.5,6.5,105,0.97,10.5,0.2,42,52.3,17.6,24.1,29.9,23.4,0.14,1.03
130,002142,宁波银行?点评,金融服务,19.69,0.10%,886,10,0,0,69,0,0,2.64,3.36,0.7,0,0,-0.3,1,-0.8,0.1,99,1.04,8.5,8.8,41.5,40.5,15.5,16.3,34.5,34.4,0.11,0.96
131,600518,康美药业?点评,医药制造,21.94,0.05%,966,26,0,0,-571,-0.01,-0.01,-35.41,3.88,-9.1,0,0,-10.4,1.3,1.1,8,132,0.69,13.7,24.1,47.6,46.3,15.1,14,23.6,15.6,0.06,0.97
132,600485,信威集团?点评,电子设备,0,0.00%,238,73,0,0,0,-0.62,-0.87,-24.6,0,0,0,0,0,0,0,0,0,0,0,0,0,0,0,0,0,0,0,0
133,600221,海航控股?点评,航空运输,0,0.00%,534,15,0,0,0,0.03,0.01,14.52,0,0,0,0,0,0,0,0,0,0,0,0,0,0,0,0,0,0,0,0
134,600309,万华化学?点评,化学制品,0,0.00%,996,10,0,0,0,0,0,-1.03,0,0,0,0,0,0,0,0,0,0,0,0,0,0,0,0,0,0,0,0
135,600157,永泰能源?点评,煤炭采选,0,0.00%,418,76,0,0,0,0,-0.02,-29.76,0,0,0,0,0,0,0,0,0,0,0,0,0,0,0,0,0,0,0,0
136,600170,上海建工?点评,土木工程,3.81,0.00%,323,14,0,0,30,0,0,-4.8,-4.09,1.1,0,0,-9,10.1,-1.7,0.6,127,0.92,0,9,64.1,54,11.8,13.5,24.1,23.5,0.08,1.11
137,600583,海油工程?点评,开采辅助,6.38,0.00%,282,68,0,0,-253,-0.01,-0.01,-35.74,-19.18,-14.6,0,0,-5.3,-9.3,2.9,11.7,108,0.69,5.7,11,40.8,50.1,19.5,16.6,34,22.3,0.06,0.65
138,600682,南京新百?点评,零售业,0,0.00%,286,71,0,0,0,-0.08,-0.07,-41.85,0,0,0,0,0,0,0,0,0,0,0,0,0,0,0,0,0,0,0,0
139,600685,中船防务?点评,运输设备,0,0.00%,146,-151,0,0,0,0.01,0.02,5,0,0,0,0,0,0,0,0,0,0,0,0,0,0,0,0,0,0,0,0
140,600871,石化油服?点评,开采辅助,2.28,0.00%,275,-10,0,0,-181,-0.01,0,-25.22,-29.45,-13.9,0,0,0,-13.9,-2.4,16.3,70,0.74,0,0,28.1,42,25.5,27.9,46.4,30.1,0.05,0.76
141,600909,华安证券?点评,金融服务,7.37,0.00%,199,33,0,0,-297,-0.02,-0.04,-26.97,-0.49,-7.9,0,0,-9.7,1.8,-3.9,11.8,89,0.67,4.6,14.3,35.8,34,18.7,22.6,40.9,29.1,0.19,1.06
142,600704,物产中大?点评,批发业,6.66,0.00%,89,17,0,0,53,0.01,0,1.24,-2.47,2.2,0,0,4.8,-2.6,-2.9,0.7,104,0.97,9.8,5,43.1,45.7,17.4,20.3,29.7,29,0.27,1.07
143,600795,国电电力?点评,电热供应,3.08,0.00%,605,20,0,0,-548,-0.01,-0.01,-42.05,-16.22,-19.6,0,0,-12,-7.6,4.5,15.1,104,0.63,0,12,42.1,49.7,20,15.5,37.9,22.8,0.05,0.78
144,600804,鹏博士?点评,互联网,14.87,0.00%,213,26,0,0,-92,0,-0.01,-6.04,-3.21,-1.1,0,0,4.4,-5.5,0.7,0.4,112,0.91,6.6,2.2,48.9,54.4,22.6,21.9,21.9,21.5,0.39,0.68
145,601216,君正集团?点评,化学制品,0,0.00%,397,19,0,0,0,-0.07,-0.08,-61.31,0,0,0,0,0,0,0,0,0,0,0,0,0,0,0,0,0,0,0,0
146,601919,中远海控?点评,水上运输,6.4,0.00%,489,18,0,0,200,0,0,9.81,-5.88,4.3,0,0,-0.4,4.7,-2.6,-1.7,114,1.1,2.7,3.1,56.5,51.8,16.5,19.1,24.3,26,0.1,0.98
147,601718,际华集团?点评,纺织服装,5.88,0.00%,227,34,0,0,-120,-0.01,0,-5.12,-16.05,-3.3,0,0,1.1,-4.4,-4.2,7.5,84,0.96,1.1,0,39.2,43.6,25.7,29.9,34,26.5,0.16,0.79
148,002252,上海莱士?点评,医药制造,0,0.00%,972,78,0,0,0,0.01,0.03,46.63,0,0,0,0,0,0,0,0,0,0,0,0,0,0,0,0,0,0,0,0
149,002007,华兰生物?点评,医药制造,27.42,0.00%,220,31,0,0,52,0,0,3.15,-18.88,1.6,0,0,1.9,-0.3,-0.1,-1.5,67,1.04,1.9,0,32.2,32.5,20.8,20.9,45.1,46.6,0.15,0.73
150,000413,东旭光电?点评,电子设备,8.24,0.00%,332,35,0,0,-87,0,0.01,2.98,-6.88,-1.4,0,0,-2,0.6,2,-0.6,76,1.12,0,2,37.4,36.8,27.8,25.8,34.8,35.4,0.19,0.67
151,000415,渤海金控?点评,租赁业,0,0.00%,182,14,0,0,0,-0.05,-0.1,-29.84,0,0,0,0,0,0,0,0,0,0,0,0,0,0,0,0,0,0,0,0
152,000540,中天金融?点评,房地产业,0,0.00%,318,16,0,0,0,0,0.01,0.54,0,0,0,0,0,0,0,0,0,0,0,0,0,0,0,0,0,0,0,0
153,000063,中兴通讯?点评,电子设备,32.01,0.00%,1099,26,0,0,-1814,-0.02,-0.01,-4.11,1.4,-2.6,0,0,-2.5,-0.1,0.6,2,104,0.97,7.7,10.2,43.2,43.3,18.5,17.9,30.6,28.6,0.64,1.37
154,002450,康得新?点评,橡胶塑料,0,0.00%,572,28,0,0,0,0.02,0.01,4.54,0,0,0,0,0,0,0,0,0,0,0,0,0,0,0,0,0,0,0,0
155,002739,万达电影?点评,文体传媒,0,0.00%,593,36,0,0,0,0.02,-0.03,-0.74,0,0,0,0,0,0,0,0,0,0,0,0,0,0,0,0,0,0,0,0
156,002601,龙蟒佰利?点评,化学制品,0,0.00%,124,14,0,0,0,-0.02,-0.02,-0.74,0,0,0,0,0,0,0,0,0,0,0,0,0,0,0,0,0,0,0,0
157,600000,浦发银行?点评,金融服务,12.3,0.00%,3457,6,0,0,-1133,0,0,-49,-2.58,-11.7,0,0,-7.1,-4.6,3.3,8.4,137,0.59,29.3,36.4,33.1,37.7,16.5,13.2,21.1,12.7,0.03,1.2
158,600021,上海电力?点评,电热供应,8.37,0.00%,179,41,0,0,102,0.01,0,15.8,-20.38,10.9,0,0,0,10.9,-6.6,-4.3,64,1.16,0,0,37.3,26.4,28.3,34.9,34.4,38.7,0.05,0.9
159,600050,中国联通?点评,信号传输,6.17,0.00%,1191,107,0,0,-612,0,-0.02,-18.78,-9.93,-3.8,0,0,8,-11.8,-2.6,6.4,111,0.76,18.6,10.6,34.9,46.7,16,18.6,30.5,24.1,0.14,0.75
160,601988,中国银行?点评,金融服务,4.13,0.00%,8705,7,0,0,-1482,0,0,-39.51,-31,-11.7,0,0,-8,-3.7,4.7,7,139,0.68,29.6,37.6,33.9,37.6,18.3,13.6,18.2,11.2,0.01,0.74
161,002594,比亚迪?点评,汽车制造,64.2,-0.05%,731,50,0,0,-387,0,0,-5.49,0.42,-3.5,0,0,-4.3,0.8,1.5,2,102,0.96,4.8,9.1,44.2,43.4,23.3,21.8,27.7,25.7,0.15,0.61
162,002555,三七互娱?点评,互联网,19.97,-0.05%,232,26,0,0,-608,-0.03,-0.02,-14.27,13.52,-7.9,0,0,-4.4,-3.5,1.3,6.6,95,0.88,0,4.4,43.7,47.2,22.2,20.9,34.1,27.5,0.33,0.95
163,601888,中国国旅?点评,商务服务,55.47,-0.07%,1083,43,0,0,-1426,-0.01,-0.02,-36.88,0.21,-12.6,0,0,-7.6,-5,4.5,8.1,130,0.7,12.2,19.8,46.7,51.7,18.3,13.8,22.8,14.7,0.1,1.09
164,601198,东兴证券?点评,金融服务,13.6,-0.07%,375,30,0,0,-678,-0.02,-0.02,-52.43,-9.81,-27.3,0,0,0,-27.3,5.1,22.2,83,0.59,0,0,27.6,54.9,26.2,21.1,46.2,24,0.07,1
165,601336,新华保险?点评,保险业,51.93,-0.08%,1083,24,0,0,-1115,-0.01,-0.01,-23.54,1.4,-4.3,0,0,-2.4,-1.9,-1.5,5.8,137,0.77,14.5,16.9,52.1,54,15.3,16.8,18.1,12.3,0.24,1.39
166,600739,辽宁成大?点评,批发业,17.49,-0.11%,239,16,0,0,-2,0,0,8.63,-12.85,-0.2,0,0,0,-0.2,-7.7,7.9,85,1.23,0,0,42.2,42.4,24.5,32.2,33.3,25.4,0.04,0.57
167,600016,民生银行?点评,金融服务,8.3,-0.12%,2453,6,0,0,312,0,0,-7.18,-22.23,2.3,0,0,1.2,1.1,-1.8,-0.5,127,0.87,24.1,22.9,40.3,39.2,17.3,19.1,18.3,18.8,0.06,0.97
168,002466,天齐锂业?点评,有色金属,61.72,-0.13%,700,35,0,0,-687,-0.01,-0.02,-5.4,3.04,-2.2,0,0,0.6,-2.8,-0.8,3,93,0.93,6.2,5.6,39,41.8,21.3,22.1,33.5,30.5,0.45,0.64
169,600919,江苏银行?点评,金融服务,7.41,-0.13%,439,7,0,0,-914,-0.02,-0.01,-41.64,-2.94,-21.5,0,0,-14.1,-7.4,4.1,17.4,106,0.7,0,14.1,42.4,49.8,22.1,18,35.5,18.1,0.1,0.77
170,600498,烽火通信?点评,电子设备,28.39,-0.14%,289,37,0,0,-904,-0.03,-0.01,-31.53,2.33,-20.3,0,0,-4.5,-15.8,11.1,9.2,112,0.79,3.1,7.6,43,58.8,23.2,12.1,30.7,21.5,0.15,0.78
171,601169,北京银行?点评,金融服务,7.17,-0.14%,1308,7,0,0,-488,0,0,-26.7,-8.24,-11.1,0,0,-3.4,-7.7,3.5,7.6,114,0.76,10,13.4,41.4,49.1,22.8,19.3,25.8,18.2,0.03,1.02
172,601985,中国核电?点评,电热供应,7.12,-0.14%,301,20,0,0,-590,-0.02,-0.02,-38.34,-27.86,-20.1,0,0,-8.5,-11.6,0.1,20,83,0.66,1.9,10.4,29.7,41.3,22,21.9,46.4,26.4,0.1,0.83
173,601398,工商银行?点评,金融服务,6.35,-0.16%,17120,7,0,0,-1190,0,0,-6.08,-4.09,-3,0,0,11.9,-14.9,1.2,1.8,144,0.96,40.1,28.2,30.4,45.3,11.9,10.7,17.6,15.8,0.02,0.9
174,601163,三角轮胎?点评,橡胶塑料,18.15,-0.22%,51,30,0,0,-178,-0.04,-0.06,-20.01,-21.32,-10.9,0,0,-1.1,-9.8,-5.3,16.2,58,0.74,0,1.1,23.4,33.2,26.1,31.4,50.5,34.3,0.32,0.69
175,600015,华夏银行?点评,金融服务,9.17,-0.22%,1176,7,0,0,-579,0,-0.01,-47.54,-11.51,-11.3,0,0,2,-13.3,2,9.3,136,0.6,31,29,31.2,44.5,15.7,13.7,22.1,12.8,0.04,1.22
176,002841,视源股份?点评,电子设备,78.48,-0.23%,32,40,0,0,-48,-0.02,-0.04,-8.23,8.52,-2.9,0,0,-2.4,-0.5,-4.7,7.6,84,0.88,0,2.4,40.8,41.3,24,28.7,35.2,27.6,0.52,1.22
177,000157,中联重科?点评,专用设备,4.26,-0.23%,265,19,0,0,24,0,0,6.47,-10.93,1.6,0,0,6.6,-5,-4.2,2.6,58,1.18,6.6,0,23,28,28.6,32.8,41.8,39.2,0.06,0.67
178,601668,中国建筑?点评,土木工程,8.84,-0.23%,2628,8,0,0,-1049,0,-0.01,-24.48,-10.54,-5.8,0,0,9,-14.8,0.7,5.1,122,0.74,27.3,18.3,31,45.8,20.4,19.7,21.3,16.2,0.07,0.71
179,600177,雅戈尔?点评,房地产业,8.76,-0.23%,314,9,0,0,-258,-0.01,-0.02,-42.18,-14.58,-14.6,0,0,-6.3,-8.3,2.7,11.9,82,0.56,0,6.3,33.9,42.2,24.3,21.6,41.8,29.9,0.06,1
180,600153,建发股份?点评,批发业,12.27,-0.24%,348,16,0,0,-24,0,-0.01,-17.17,-1.39,-1.2,0,0,-3.5,2.3,-7.5,8.7,102,0.74,1.8,5.3,48.7,46.4,14.4,21.9,35.1,26.4,0.06,0.48
181,600649,城投控股?点评,房地产业,8.44,-0.24%,204,17,0,0,-334,-0.02,0,-36.48,5.94,-28.9,0,0,-9.6,-19.3,15,13.9,95,0.86,0,9.6,33,52.3,33.6,18.6,33.4,19.5,0.06,0.7
182,601818,光大银行?点评,金融服务,4.18,-0.24%,1664,6,0,0,-953,0,0,-31.88,-7.86,-13.4,0,0,1.8,-15.2,3.6,9.8,126,0.69,16.3,14.5,40,55.2,18.3,14.7,25.4,15.6,0.04,0.69
183,601618,中国中冶?点评,土木工程,4.06,-0.25%,725,19,0,0,-166,0,0,-16.84,15.48,-8.6,0,0,4,-12.6,-4,12.6,74,0.81,4,0,28.5,41.1,24.8,28.8,42.7,30.1,0.03,0.64
184,601991,大唐发电?点评,电热供应,3.88,-0.26%,388,20,0,0,-105,0,0,2.18,-22.97,-10.7,0,0,-11.8,1.1,5,5.7,74,1.47,0,11.8,31.6,30.5,19.9,14.9,48.5,42.8,0.03,0.81
185,601390,中国中铁?点评,土木工程,7.46,-0.27%,1367,12,0,0,-432,0,0,-28.77,-16.36,-12.5,0,0,-6.7,-5.8,0.6,11.9,94,0.71,6.7,13.4,34.1,39.9,18.1,17.5,41.1,29.2,0.03,0.72
186,000876,新希望?点评,食品加工,7.5,-0.27%,312,12,0,0,-156,0,0,-3.03,8.45,-4.1,0,0,2.5,-6.6,-1,5.1,84,1.02,12.8,10.3,27.2,33.8,22.6,23.6,37.4,32.3,0.12,1.14
187,601117,中国化学?点评,土木工程,7.23,-0.28%,357,21,0,0,-737,-0.02,-0.03,-41.04,-15.59,-15.5,0,0,-0.6,-14.9,1.1,14.4,108,0.65,4.7,5.3,41.5,56.4,18.3,17.2,35.5,21.1,0.13,0.8
188,601166,兴业银行?点评,金融服务,17.39,-0.29%,3313,6,0,0,-4704,-0.01,-0.02,-75.97,5.06,-17.4,0,0,-18.3,0.9,5.3,12.1,147,0.5,18,36.3,47,46.1,14.7,9.4,20.3,8.2,0.08,0.88
189,000792,盐湖股份?点评,化学制品,13.76,-0.29%,378,-33,0,0,-130,0,0.01,2.11,-7.73,-1.2,0,0,-3.1,1.9,0,1.2,105,1.06,2.1,5.2,49.6,47.7,22.5,22.5,25.8,24.6,0.29,0.6
190,601328,交通银行?点评,金融服务,6.36,-0.31%,2496,7,0,0,-1730,-0.01,0,-35.8,-12.09,-12.6,0,0,1.4,-14,4.2,8.4,135,0.74,24.1,22.7,37.3,51.3,17.3,13.1,21.3,12.9,0.05,0.9
191,601800,中国交建?点评,土木工程,12.9,-0.31%,1515,14,0,0,370,0,0,9.16,-34.27,11.1,0,0,0,11.1,5.5,-16.6,64,0.97,0,0,37.7,26.6,19.8,14.3,42.5,59.1,0.02,0.66
192,601099,太平洋?点评,金融服务,3.05,-0.33%,198,176,0,0,-293,-0.01,-0.02,-26.48,-5.78,-7.2,0,0,-1.5,-5.7,-1.3,8.5,128,0.74,31.1,32.6,29.2,34.9,12.8,14.1,26.9,18.4,0.21,0.49
193,600489,中金黄金?点评,金属采选,8.7,-0.34%,300,74,0,0,-411,-0.01,-0.01,-26.01,-20.19,-10.4,0,0,-3.1,-7.3,2.5,7.9,104,0.75,3.6,6.7,43.1,50.4,26,23.5,27.3,19.4,0.13,0.79
194,600705,中航资本?点评,其他金融,5.65,-0.35%,430,19,0,0,-1808,-0.04,-0.04,-43.04,-20.91,-18.1,0,0,-19.9,1.8,7.9,10.2,117,0.66,6.1,26,43.5,41.7,21.4,13.5,29,18.8,0.23,1.64
195,600741,华域汽车?点评,汽车制造,26.89,-0.37%,771,13,0,0,-529,-0.01,-0.01,-19.16,-10.27,-7.7,0,0,-5.2,-2.5,-1.7,9.4,76,0.74,0,5.2,34.1,36.6,28.2,29.9,37.7,28.3,0.09,0.59
196,002236,大华股份?点评,电子设备,27.08,-0.37%,461,41,0,0,-1236,-0.03,-0.02,-6.7,7.46,-3.4,0,0,-4.1,0.7,0.6,2.8,119,0.95,8.5,12.6,49.3,48.6,18.1,17.5,24.1,21.3,0.79,1.48
197,601018,宁波港?点评,水上运输,5.31,-0.38%,680,23,0,0,-170,0,0,-35.15,-40.54,-17.4,0,0,-3.4,-14,4,13.4,69,0.62,0,3.4,25.8,39.8,26.6,22.6,47.6,34.2,0.01,0.42
198,600816,安信信托?点评,其他金融,12.76,-0.39%,319,16,0,0,223,0.01,0.01,19.23,5.33,10.6,0,0,0,10.6,-5.3,-5.3,88,1.21,0,0,49.4,38.8,17.4,22.7,33.2,38.5,0.07,0.66
199,601633,长城汽车?点评,汽车制造,12.23,-0.41%,737,29,0,0,-98,0,0,-17.88,-26,-7.6,0,0,0,-7.6,-2,9.6,91,0.8,0,0,41.5,49.1,20.7,22.7,37.8,28.2,0.02,0.58
200,601669,中国电建?点评,土木工程,7.06,-0.42%,678,14,0,0,-334,0,0,-43.8,-15.15,-25.4,0,0,-12.8,-12.6,4.7,20.7,79,0.66,0,12.8,26.7,39.3,21.3,16.6,52,31.3,0.02,0.61
201,002831,裕同科技?点评,纸制品,55.56,-0.43%,66,27,0,0,165,0.02,-0.04,8.24,-12.63,13.7,0,0,2,11.7,-11.5,-2.2,38,0.74,2,0,24,12.3,26.2,37.7,47.8,50,0.18,0.8
202,600010,包钢股份?点评,黑色金属,2.28,-0.44%,502,55,0,0,-156,0,-0.02,-49.48,7.87,-2,0,0,3.6,-5.6,-5.1,7.1,147,0.57,46.2,42.6,26.1,31.7,7.9,13,19.8,12.7,0.16,1.58
203,600089,特变电工?点评,电气机械,8.94,-0.45%,332,12,0,0,-1152,-0.04,-0.03,-56.2,-17.4,-24.7,0,0,-2.5,-22.2,9.5,15.2,101,0.58,5,7.5,32.9,55.1,28.6,19.1,33.5,18.3,0.14,0.94
204,600074,ST保千里?点评,电子设备,2.23,-0.45%,23,10,0,0,-26,-0.01,-0.04,-7.21,-20.54,-1.4,0,0,6,-7.4,-3.4,4.8,77,0.84,6,0,31.8,39.2,22.2,25.6,40,35.2,0.81,0.51
205,002475,立讯精密?点评,电子设备,25.5,-0.47%,806,56,0,0,-825,-0.01,-0.01,-22.77,8.69,-11.5,0,0,-6.2,-5.3,4.2,7.3,103,0.8,5.4,11.6,40.2,45.5,21.1,16.9,33.3,26,0.09,0.64
206,600406,国电南瑞?点评,软件服务,16.62,-0.48%,367,61,0,0,-450,-0.01,-0.02,-29.03,-22.77,-12.8,0,0,6.6,-19.4,1.4,11.4,103,0.73,10.5,3.9,34.8,54.2,21.5,20.1,33.2,21.8,0.1,0.67
207,601628,中国人寿?点评,保险业,26.81,-0.48%,5583,21,0,0,-1224,0,0,-35.2,-5.04,-16.4,0,0,-1.7,-14.7,4.9,11.5,113,0.73,7.8,9.5,40.3,55,19.8,14.9,32.1,20.6,0.01,0.92
208,601966,玲珑轮胎?点评,橡胶塑料,18.79,-0.48%,74,23,0,0,-465,-0.06,-0.15,-54.39,10.42,-26.7,0,0,-5.4,-21.3,-1.4,28.1,61,0.48,0,5.4,17,38.3,23.9,25.3,59.1,31,0.23,0.68
209,600959,江苏有线?点评,信号传输,7.62,-0.52%,106,32,0,0,50,0.01,-0.01,2.39,-14,5.9,0,0,0,5.9,-20.8,14.9,41,0.85,0,0,23.4,17.5,28.2,49,48.4,33.5,0.08,0.48
210,600820,隧道股份?点评,土木工程,7.57,-0.53%,238,15,0,0,-505,-0.02,-0.02,-62.96,-30.34,-25.8,0,0,-3.8,-22,3.8,22,95,0.52,1.1,4.9,33.6,55.6,22.1,18.3,43.2,21.2,0.08,1.06
211,600415,小商品城?点评,商务服务,5.56,-0.54%,303,19,0,0,-340,-0.01,0,-10.59,-15.41,-9.7,0,0,1.5,-11.2,3.3,6.4,84,1.01,1.5,0,35.4,46.6,24.5,21.2,38.6,32.2,0.12,1.58
212,002426,胜利精密?点评,电子设备,5.35,-0.56%,110,35,0,0,123,0.01,0.02,15.11,-23.77,6.9,0,0,8.9,-2,-2.9,-4,80,1.23,8.9,0,34.7,36.7,22.9,25.8,33.5,37.5,0.16,0.67
213,000895,双汇发展?点评,食品加工,27.84,-0.57%,918,22,0,0,-293,0,0,-5.02,-12.24,-4.4,0,0,-0.5,-3.9,-0.2,4.6,85,0.98,0,0.5,40.2,44.1,22.8,23,37,32.4,0.07,1.1
214,601009,南京银行?点评,金融服务,8.63,-0.58%,696,7,0,0,-913,-0.01,-0.01,-22.61,-14.08,-6.9,0,0,-7.6,0.7,3.1,3.8,133,0.79,11,18.6,52.2,51.5,17.8,14.7,19,15.2,0.19,1.44
215,600066,宇通客车?点评,汽车制造,23.4,-0.59%,518,20,0,0,133,0,-0.01,-19.9,5.19,1.4,0,0,-11.3,12.7,-5.6,4.2,143,0.75,26.2,37.5,46.2,33.5,9.6,15.2,18,13.8,0.18,1.51
216,002572,索菲亚?点评,家具制造,34.72,-0.63%,207,42,0,0,7,0,0.01,4.69,-9.93,0.2,0,0,-3,3.2,-3.5,3.3,63,1.13,0,3,31.6,28.4,19.3,22.8,49.1,45.8,0.17,0.86
217,002411,必康股份?点评,医药制造,26.35,-0.64%,76,49,0,0,-22,0,0,-5.36,-37.9,-3.3,0,0,0,-3.3,-6.6,9.9,67,1.03,0,0,31.8,35.1,20.7,27.3,47.5,37.6,0.09,0.31
218,000839,中信国安?点评,信号传输,7.81,-0.64%,306,93,0,0,-436,-0.01,0,-3.76,-16.36,-4.9,0,0,-2.7,-2.2,-0.2,5.1,85,1.03,5.8,8.5,34.2,36.4,20.3,20.5,39.7,34.6,0.29,0.79
219,000963,华东医药?点评,零售业,61.61,-0.65%,535,30,0,0,805,0.01,0.02,20.18,-12.27,9.4,0,0,-0.1,9.5,-3.5,-5.9,102,1.23,4,4.1,51.7,42.2,20.7,24.2,23.6,29.5,0.16,1.05
220,002153,石基信息?点评,软件服务,27.48,-0.65%,133,79,0,0,167,0.01,0.01,2.76,-10.8,1.8,0,0,1.3,0.5,-1.9,0.1,74,1.03,1.3,0,36.7,36.2,25.9,27.8,36.1,36,0.7,1.03
221,600068,葛洲坝?点评,土木工程,9.06,-0.66%,417,14,0,0,-347,-0.01,-0.02,-15.54,-14.39,-4.7,0,0,3,-7.7,0.3,4.4,105,0.82,16.3,13.3,33.8,41.5,20.1,19.8,29.8,25.4,0.18,0.72
222,601727,上海电气?点评,通用设备,6.04,-0.66%,595,36,0,0,-280,0,0,-23,-17.77,-17,0,0,0,-17,1.5,15.5,65,0.85,0,0,24,41,21.1,19.6,54.9,39.4,0.03,0.97
223,600115,东方航空?点评,航空运输,7.33,-0.68%,719,10,0,0,-1505,-0.02,-0.02,-48.82,-10.11,-16,0,0,-9.1,-6.9,-0.8,16.8,110,0.57,8.3,17.4,38.5,45.4,16.8,17.6,36.4,19.6,0.13,0.7
224,000425,徐工机械?点评,专用设备,4.12,-0.72%,288,28,0,0,-922,-0.03,-0.04,-20.09,-0.97,-11.7,0,0,-4.7,-7,-0.5,12.2,74,0.79,3.6,8.3,27.8,34.8,21.5,22,47.1,34.9,0.27,1.11
225,000338,潍柴动力?点评,汽车制造,8.32,-0.72%,359,11,0,0,-257,-0.01,0.01,1.94,-24.07,-2.7,0,0,-3.2,0.5,1.5,1.2,90,1.12,0.5,3.7,43.1,42.6,23.8,22.3,32.6,31.4,0.26,0.85
226,000630,铜陵有色?点评,有色金属,2.71,-0.73%,259,53,0,0,-597,-0.02,-0.01,-23.24,-33.38,-17.3,0,0,-4.1,-13.2,-2.1,19.4,73,0.86,3.3,7.4,24.8,38,15.2,17.3,56.7,37.3,0.13,1.12
227,600031,三一重工?点评,专用设备,8.21,-0.73%,627,26,0,0,-1494,-0.02,-0.04,-35.22,-5.05,-11.2,0,0,-9,-2.2,4.6,6.6,104,0.65,5.3,14.3,40.9,43.1,22.6,18,31.2,24.6,0.21,0.7
228,601611,中国核建?点评,土木工程,9.57,-0.73%,92,38,0,0,-273,-0.03,-0.04,-27.01,-29.83,-13.8,0,0,-2.4,-11.4,-1,14.8,79,0.73,0,2.4,32.4,43.8,24.5,25.5,43.1,28.3,0.22,0.72
229,601288,农业银行?点评,金融服务,4.04,-0.74%,11880,6,0,0,-4716,0,0,-39.98,-4.3,-9.5,0,0,-10.9,1.4,3.4,6.1,156,0.69,39.6,50.5,33.6,32.2,13.2,9.8,13.6,7.5,0.04,0.78
230,002202,金风科技?点评,通用设备,18.74,-0.74%,526,22,0,0,266,0,0.01,7.08,9.82,1.9,0,0,-2.2,4.1,-1.1,-0.8,113,1.09,18.8,21,38.8,34.7,16.9,18,25.5,26.3,0.27,0.85
231,600958,东方证券?点评,金融服务,13.19,-0.75%,414,26,0,0,-1005,-0.02,-0.03,-51.4,-10.8,-18.3,0,0,-9.1,-9.2,0.2,18.1,113,0.59,14.4,23.5,32.8,42,16.8,16.6,36,17.9,0.13,1.3
232,600297,广汇汽车?点评,零售业,7.84,-0.76%,188,16,0,0,-44,0,-0.01,-11,-22.75,-3.6,0,0,10.5,-14.1,0.4,3.2,85,0.85,10.5,0,30.1,44.2,20.5,20.1,38.9,35.7,0.07,0.41
233,600100,同方股份?点评,电子设备,10.49,-0.76%,311,-126,0,0,-704,-0.02,-0.02,-31.11,-11.16,-9.3,0,0,-12.7,3.4,1.5,7.8,138,0.74,11.1,23.8,53.3,49.9,15.4,13.9,20.2,12.4,0.24,1.01
234,603993,洛阳钼业?点评,金属采选,9.16,-0.76%,1187,76,0,0,-2724,-0.02,-0.03,-17.73,0.11,-3.8,0,0,7.5,-11.3,0.3,3.5,133,0.82,27,19.5,37.5,48.8,15.8,15.5,19.7,16.2,0.6,0.79
235,000402,金融街?点评,房地产业,10.12,-0.78%,302,16,0,0,-150,0,0,-8.26,-23.21,-5.1,0,0,0,-5.1,-3.8,8.9,78,0.92,4.7,4.7,31.8,36.9,21.1,24.9,42.4,33.5,0.1,0.84
236,000709,河钢股份?点评,黑色金属,3.75,-0.79%,398,14,0,0,-301,-0.01,0,-1.16,-33.58,-3.4,0,0,-3.9,0.5,-2.9,6.3,104,1.04,4.1,8,46.2,45.7,12.6,15.5,37.1,30.8,0.22,1.88
237,300136,信维通信?点评,电子设备,39.85,-0.80%,297,41,0,0,-941,-0.03,-0.02,-7.16,-5.16,-3.9,0,0,-3,-0.9,0.9,3,105,0.94,8.2,11.2,42.3,43.2,20.6,19.7,28.9,25.9,0.82,1.27
238,000060,中金岭南?点评,有色金属,9.82,-0.81%,217,19,0,0,-883,-0.04,0,-11.02,-7.34,-10.5,0,0,1.8,-12.3,4.5,6,74,0.98,3.7,1.9,28.1,40.4,29.2,24.7,39,33,0.39,0.86
239,600018,上港集团?点评,水上运输,7.27,-0.82%,1654,27,0,0,-2692,-0.02,-0.01,-45.94,-1.46,-20.8,0,0,-2.1,-18.7,5.1,15.7,121,0.69,8.5,10.6,41.4,60.1,17.9,12.8,32.2,16.5,0.08,1.36
240,601608,中信重工?点评,专用设备,3.64,-0.82%,157,273,0,0,-919,-0.06,-0.04,-107.86,-10.75,-38.3,0,0,-13.3,-25,11.9,26.4,119,0.41,0,13.3,40.3,65.3,20.4,8.5,39.3,12.9,0.15,1.46
241,601333,广深铁路?点评,铁路运输,4.77,-0.83%,270,29,0,0,-692,-0.02,-0.02,-66.05,-6.2,-27,0,0,-13.9,-13.1,11.7,15.3,130,0.57,18.6,32.5,32.8,45.9,19.7,8,28.9,13.6,0.09,1.05
242,601228,广州港?点评,水上运输,5.91,-0.84%,41,47,0,0,-278,-0.07,-0.15,-28.18,-2.54,-9.8,0,0,-11.2,1.4,-3.4,13.2,89,0.67,0,11.2,39.4,38,17,20.4,43.6,30.4,0.69,0.89
243,601006,大秦铁路?点评,铁路运输,8.88,-0.89%,1320,9,0,0,-344,0,0,-5.78,-13.45,-5.2,0,0,-2.7,-2.5,3.1,2.1,99,0.99,2.7,5.4,44.1,46.6,21.2,18.1,32,29.9,0.05,1.06
244,600219,南山铝业?点评,有色金属,3.34,-0.89%,237,20,0,0,-890,-0.04,-0.04,-41.06,-30.3,-16.4,0,0,-9.5,-6.9,-0.9,17.3,107,0.64,9,18.5,36.3,43.2,13.3,14.2,41.4,24.1,0.23,0.91
245,600376,首开股份?点评,房地产业,8.88,-0.89%,226,25,0,0,-214,-0.01,0,-26.76,-58.79,-28.9,0,0,0,-28.9,10.8,18.1,55,1.11,0,0,13.1,42,34.3,23.5,52.6,34.5,0.03,0.77
246,000625,长安汽车?点评,汽车制造,12.16,-0.90%,457,8,0,0,-227,0,0.01,0.12,-16.64,-2.5,0,0,-2,-0.5,-0.2,2.7,72,1.08,1.5,3.5,33.2,33.7,23.9,24.1,41.4,38.7,0.2,1.07
247,300015,爱尔眼科?点评,卫生,39.19,-0.94%,469,74,0,0,192,0,0,2.94,-14.33,1.9,0,0,0.2,1.7,-1.8,-0.1,76,1.01,3.7,3.5,35.2,33.5,24.4,26.2,36.7,36.8,0.22,1.22
248,600104,上汽集团?点评,汽车制造,36.48,-0.95%,4196,13,0,0,-1194,0,0,-19,-3.54,-6.3,0,0,-9.8,3.5,4.4,1.9,130,0.82,8.1,17.9,53.9,50.4,18.5,14.1,19.5,17.6,0.05,1
249,000961,中南建设?点评,土木工程,7.15,-0.97%,255,49,0,0,461,0.02,0,8.57,-30.6,7.1,0,0,0,7.1,-4,-3.1,107,1.02,5.8,5.8,51.3,44.2,16.1,20.1,26.8,29.9,0.25,1.38
250,601212,白银有色?点评,有色金属,5.91,-1.01%,116,130,0,0,-690,-0.06,-0.08,-44.2,6.37,-22.7,0,0,-4.6,-18.1,0.9,21.8,69,0.58,0,4.6,23.4,41.5,23,22.1,53.6,31.8,0.26,0.82
251,002839,张家港行?点评,金融服务,8.76,-1.02%,73,21,0,0,-89,-0.01,-0.02,-1.02,-4.28,-0.6,0,0,0.4,-1,-2,2.6,48,0.98,1.1,0.7,22.4,23.4,23.6,25.6,52.9,50.3,2.05,0.74
252,000723,美锦能源?点评,燃料加工,5.58,-1.06%,60,20,0,0,-343,-0.05,-0.01,-11.5,-17.26,-10.9,0,0,0,-10.9,0.6,10.3,68,0.98,0,0,28.3,39.2,22,21.4,49.7,39.4,0.52,0.51
253,000651,格力电器?点评,电气机械,52.85,-1.07%,3155,15,0,0,-1246,0,0,-0.16,-3.08,-1.6,0,0,-1,-0.6,0.3,1.3,109,1.03,12.9,13.9,40.7,41.3,19.5,19.2,26.9,25.6,0.25,0.86
254,000627,天茂集团?点评,保险业,8.14,-1.09%,110,36,0,0,358,0.03,0.07,15.6,-18.69,8.1,0,0,0,8.1,-1.6,-6.5,64,1.26,0,0,35.8,27.7,28,29.6,36.2,42.7,0.4,0.98
255,600674,川投能源?点评,电热供应,9.19,-1.18%,405,11,0,0,-374,-0.01,0,-23.1,-19.48,-15.2,0,0,-14.9,-0.3,7.5,7.7,102,0.84,0,14.9,43.2,43.5,29.1,21.6,27.7,20,0.06,1.47
256,002602,世纪华通?点评,汽车制造,32.83,-1.20%,262,50,0,0,-223,-0.01,0.01,-1.18,-11.24,-9,0,0,-15.8,6.8,8.2,0.8,112,1.15,0,15.8,51.3,44.5,23.6,15.4,25.1,24.3,0.09,1.6
257,603833,欧派家居?点评,家具制造,143.93,-1.23%,60,46,0,0,188,0.03,-0.02,1.38,-3.19,6.9,0,0,-8.8,15.7,-12.8,5.9,100,0.9,0,8.8,53.4,37.7,25,37.8,21.6,15.7,0.45,1.31
258,601898,中煤能源?点评,煤炭采选,5.53,-1.25%,506,23,0,0,-291,-0.01,0,-40.96,-33.15,-15.1,0,0,0.1,-15.2,0.8,14.3,112,0.66,6.8,6.7,41.7,56.9,17,16.2,34.5,20.2,0.04,1.5
259,600827,百联股份?点评,零售业,11.72,-1.26%,181,23,0,0,-615,-0.03,-0.02,-40.14,-26.7,-17.8,0,0,-6.6,-11.2,-0.3,18.1,99,0.66,0,6.6,40.8,52,19.4,19.7,39.8,21.7,0.19,1.37
260,600887,伊利股份?点评,食品加工,30.57,-1.32%,1844,28,0,0,-5614,-0.03,-0.06,-40.99,-8.12,-6.1,0,0,-11.1,5,-2.3,8.4,138,0.62,23.1,34.2,43.1,38.1,13.3,15.6,20.5,12.1,0.5,1.44
261,600690,青岛海尔?点评,电气机械,20.06,-1.33%,1223,16,0,0,-4630,-0.04,-0.05,-52.28,0.82,-13.2,0,0,-7.7,-5.5,1.6,11.6,135,0.59,16.4,24.1,44.5,50,13.9,12.3,25.2,13.6,0.29,1.19
262,601600,中国铝业?点评,有色金属,5.16,-1.34%,566,43,0,0,-6399,-0.11,-0.11,-54.48,-9.69,-14.5,0,0,-1.6,-12.9,0.3,14.2,123,0.55,26.8,28.4,27.5,40.4,15.3,15,30.4,16.2,0.78,1
263,601958,金钼股份?点评,金属采选,7.23,-1.36%,233,452,0,0,-655,-0.03,-0.03,-38.38,-7.69,-17.8,0,0,-5.4,-12.4,1.2,16.6,89,0.66,0,5.4,35.6,48,21.8,20.6,42.6,26,0.16,0.6
264,601012,隆基股份?点评,非金属,35.6,-1.36%,703,24,0,0,-1118,-0.02,-0.02,-25.03,-5.35,-7,0,0,-7.1,0.1,-2.8,9.8,128,0.77,9.8,16.9,50.5,50.4,12.2,15,27.5,17.7,0.23,0.94
265,600900,长江电力?点评,电热供应,16.42,-1.38%,1889,15,0,0,300,0,0,7.04,-33.82,2.8,0,0,-4.6,7.4,1.7,-4.5,113,1.07,12,16.6,46.1,38.7,19,17.3,22.9,27.4,0.06,1.72
266,000069,华侨城A?点评,房地产业,8.49,-1.51%,522,11,0,0,-235,0,0,2.2,-5.24,-2.5,0,0,-0.2,-2.3,0.5,2,111,1.06,6.2,6.4,48.2,50.5,18.5,18,27.1,25.1,0.18,1.02
267,002081,金螳螂?点评,建筑装饰,12.71,-1.55%,323,18,0,0,232,0.01,0,2.25,-15.52,2.9,0,0,0,2.9,-6.2,3.3,73,0.98,0,0,37.8,34.9,21.8,28,40.4,37.1,0.25,1.2
268,601021,春秋航空?点评,航空运输,33.04,-1.55%,264,19,0,0,306,0.01,-0.01,0.79,18.12,10.9,0,0,-2.5,13.4,-22.6,11.7,90,0.77,0,2.5,50.6,37.2,16.3,38.9,33.1,21.4,0.11,2.17
269,002460,赣锋锂业?点评,有色金属,77.77,-1.56%,407,43,0,0,-1170,-0.02,0,-1.57,-10.29,-1.8,0,0,-2.5,0.7,0.2,1.6,111,1,8.9,11.4,45.6,44.9,17.9,17.7,27.6,26,1.58,0.77
270,600606,绿地控股?点评,房地产业,7.52,-1.70%,242,10,0,0,-5221,-0.21,-0.22,-54.61,-9.29,-17.1,0,0,-11.9,-5.2,3.3,13.8,126,0.58,15.4,27.3,39.1,44.3,16.2,12.9,29.3,15.5,1.26,1.42
271,601992,金隅集团?点评,非金属,5.08,-1.74%,414,16,0,0,-4207,-0.1,-0.07,-114.56,-25.06,-36.3,0,0,-29.9,-6.4,9.2,27.1,115,0.37,3.3,33.2,36,42.4,20.2,11,40.5,13.4,0.28,1.54
272,600111,北方稀土?点评,有色金属,13.27,-1.78%,482,104,0,0,-4445,-0.09,-0.14,-60.23,-6.9,-16.8,0,0,-11.9,-4.9,-0.4,17.2,118,0.52,4.9,16.8,45.6,50.5,15.2,15.6,34.3,17.1,0.55,0.86
273,001979,招商蛇口?点评,房地产业,22.06,-1.78%,419,35,0,0,330,0.01,0.02,5.91,-15.56,1.8,0,0,-1.1,2.9,-1.6,-0.2,101,1.08,3.5,4.6,47.8,44.9,21.4,23,27.3,27.5,0.44,0.77
274,000008,神州高铁?点评,运输设备,7.16,-1.78%,182,124,0,0,-25,0,0,-3.76,-43.73,-1,0,0,5.4,-6.4,-4,5,90,0.94,5.7,0.3,39,45.4,15.7,19.7,39.6,34.6,0.14,0.99
275,600362,江西铜业?点评,有色金属,17.65,-1.84%,366,29,0,0,-4982,-0.13,-0.12,-64.36,-1.44,-18.2,0,0,-10.9,-7.3,1.1,17.1,122,0.51,10.9,21.8,41.1,48.4,17.4,16.3,30.6,13.5,0.75,1.34
276,601155,新城控股?点评,房地产业,36.63,-1.85%,264,31,0,0,149,0.01,-0.02,-3.78,-6.99,0.5,0,0,3.9,-3.4,-2,1.5,146,0.94,26.9,23,46.6,50,10.2,12.2,16.3,14.8,1.12,1.11
277,002468,申通快递?点评,邮政业,24.96,-1.89%,83,25,0,0,171,0.02,0.02,6.69,1.71,5.3,0,0,-0.3,5.6,0,-5.3,70,1.05,3.9,4.2,33.8,28.2,17.7,17.7,44.6,49.9,0.39,1.34
278,600340,华夏幸福?点评,房地产业,34.7,-1.92%,1025,13,0,0,-2231,-0.02,-0.05,-35.65,-14.99,-6.5,0,0,-1.4,-5.1,-6.7,13.2,128,0.65,16.2,17.6,44.7,49.8,12.6,19.3,26.5,13.3,0.33,1.14
279,600549,厦门钨业?点评,有色金属,24.79,-1.98%,268,34,0,0,-4983,-0.18,-0.21,-76.05,-4.85,-23.1,0,0,-11.7,-11.4,4.2,18.9,123,0.48,8.5,20.2,41.2,52.6,18.6,14.4,31.7,12.8,0.8,1.02
280,000983,西山煤电?点评,煤炭采选,8.9,-1.98%,280,15,0,0,-785,-0.03,-0.02,-10.14,-12.43,-7.2,0,0,-1,-6.2,-1.3,8.5,66,0.91,1.2,2.2,28.3,34.5,23.9,25.2,46.6,38.1,0.39,1.54
281,600895,张江高科?点评,综合,14.29,-2.06%,221,43,0,0,-6966,-0.32,-0.29,-71.85,1.41,-24.4,0,0,-23.1,-1.3,6.7,17.7,121,0.51,5.2,28.3,42.9,44.2,20.1,13.4,31.8,14.1,1.29,4.39
282,601111,中国国航?点评,航空运输,12.58,-2.18%,1072,15,0,0,-4356,-0.04,-0.04,-76.4,-8.22,-18,0,0,-16.6,-1.4,2.9,15.1,138,0.48,11.5,28.1,48.5,49.9,12.7,9.8,27.3,12.2,0.23,1.25
283,000959,首钢股份?点评,黑色金属,5.37,-2.19%,159,12,0,0,-345,-0.02,0,-19.3,-34.19,-22.7,0,0,-1,-21.7,9.3,13.4,61,1.08,0,1,19.3,41,27,17.7,53.7,40.3,0.09,1.53
284,600383,金地集团?点评,房地产业,12.23,-2.24%,552,18,0,0,-1792,-0.03,-0.04,-50.95,-28.84,-10.4,0,0,3.3,-13.7,-0.7,11.1,148,0.61,27.1,23.8,41.9,55.6,9.3,10,21.7,10.6,0.31,1.63
285,600029,南方航空?点评,航空运输,11.07,-2.29%,777,12,0,0,-8038,-0.1,-0.08,-108.24,1.35,-24.4,0,0,-23.4,-1,5.2,19.2,144,0.39,13.5,36.9,46.1,47.1,12.7,7.5,27.7,8.5,0.42,1.19
286,002714,牧原股份?点评,畜牧业,48.53,-2.39%,290,23,0,0,-38,0,0.03,5.94,-36.38,-0.5,0,0,-0.9,0.4,5,-4.5,68,1.22,3.2,4.1,30.6,30.2,31.7,26.7,34.5,39,0.26,1.23
287,000002,万科A?点评,房地产业,31.85,-2.39%,3092,24,0,0,0,0,0,1.95,-11.97,0,0,0,1.9,-1.9,-1.4,1.4,100,1.04,9.8,7.9,40,41.9,16.6,18,33.6,32.2,0.16,1.57
288,600660,福耀玻璃?点评,非金属,26.06,-2.40%,522,23,0,0,-5100,-0.1,-0.11,-100.59,-17.25,-25.5,0,0,-16,-9.5,3.8,21.7,133,0.41,16.2,32.2,37.7,47.2,14.5,10.7,31.6,9.9,0.38,2.87
289,002146,荣盛发展?点评,房地产业,10.37,-2.63%,403,12,0,0,-749,-0.02,-0.02,-6.95,-11.69,-2.9,0,0,-0.4,-2.5,-1.9,4.8,106,0.92,6.9,7.3,44.7,47.2,16.2,18.1,32.2,27.4,0.64,1.56
290,601225,陕西煤业?点评,煤炭采选,7.91,-2.71%,791,7,0,0,-3273,-0.04,-0.04,-57.23,-1.33,-12.4,0,0,-6.4,-6,1.3,11.1,143,0.57,16.3,22.7,48.9,54.9,13.8,12.5,21,9.9,0.33,1.96
291,000898,鞍钢股份?点评,黑色金属,6.4,-2.88%,394,11,0,0,-803,-0.02,0,-7.37,-13.96,-5.3,0,0,-4.6,-0.7,0.4,4.9,101,0.96,2.7,7.3,45,45.7,19.8,19.4,32.5,27.6,0.38,1.73
292,603799,华友钴业?点评,有色金属,125.1,-2.91%,733,51,0,0,-11380,-0.15,-0.19,-52.58,-3.02,-11.4,0,0,-14.5,3.1,3.4,8,158,0.61,23.5,38,49.9,46.8,10.2,6.8,16.4,8.4,1.36,1.35
293,600048,保利地产?点评,房地产业,14.17,-3.01%,1663,15,0,0,-13527,-0.08,-0.09,-85.94,-5.63,-20,0,0,-19.6,-0.4,6,14,142,0.46,16.5,36.1,44.6,45,15.3,9.3,23.6,9.6,0.41,1.53
294,600019,宝钢股份?点评,黑色金属,9.1,-3.29%,2010,13,0,0,-3857,-0.02,-0.02,-27.21,-15.95,-10.5,0,0,-3.6,-6.9,2.6,7.9,126,0.77,15.8,19.4,42.1,49,18.2,15.6,23.9,16,0.18,1.39
295,000671,阳光城?点评,房地产业,8.14,-3.33%,264,41,0,0,-715,-0.02,0.02,-1.28,-23.29,-4.4,0,0,-1.8,-2.6,2.2,2.2,88,1.07,0.5,2.3,41.2,43.8,26.3,24.1,32,29.8,0.61,1.83
296,600585,海螺水泥?点评,非金属,33.02,-3.51%,1321,13,0,0,-5484,-0.04,-0.03,-27.14,-9.68,-7.3,0,0,-5.4,-1.9,-0.3,7.6,141,0.76,19.3,24.7,47.4,49.3,12.9,13.2,20.4,12.8,0.57,1.63
297,601899,紫金矿业?点评,金属采选,4.55,-3.60%,719,34,0,0,-19428,-0.25,-0.21,-114.92,15.04,-32.3,0,0,-27.6,-4.7,9.8,22.5,123,0.35,10,37.6,35.2,39.9,22,12.2,32.8,10.3,0.83,1.54
298,601088,中国神华?点评,煤炭采选,22.24,-4.22%,3668,9,0,0,-11069,-0.03,-0.03,-83.98,-15.1,-20.1,0,0,-21.8,1.7,3.2,16.9,131,0.44,10.4,32.2,45.2,43.5,16.7,13.5,27.7,10.8,0.15,2.93
299,600188,兖州煤业?点评,煤炭采选,13.5,-4.80%,400,10,0,0,-5358,-0.12,-0.1,-69.79,2.13,-19.6,0,0,-4.5,-15.1,2.7,16.9,124,0.48,8.5,13,43.7,58.8,18.6,15.9,29.2,12.3,0.68,2.06
300,601118,海南橡胶?点评,农业,5.47,-6.50%,215,1207,0,0,-5052,-0.23,-0.24,-148.92,-2.82,-36.5,0,0,-23.1,-13.4,8.4,28.1,129,0.3,1.5,24.6,44.5,57.9,17.4,9,36.6,8.5,0.64,3.54
